experiment,instance,dataset,size_category,n,m,encoding_variant,variant_description,treedepth,time,status,timeout,preprocessing_enabled,mipstart_enabled,lazy_constraints_enabled,gurobi_presolve,problem_variables,problem_constraints,gurobi_objval,gurobi_mip_gap,gurobi_node_count,graph_density,graph_components,preprocessing_reduction,memory_usage_mb,golden_standard,is_correct,validation_status,error_type
E4_5_variants,Brinkmann,famous,MEDIUM,21,42,v1_baseline,基线编码 - 基础ILP约束,11.0,120.158,timeout,True,False,False,False,2,925,9849,11.0,0.2727272727272727,18802,0.2,1,0.0,0.0,11.0,False,error,timeout_not_optimal
E4_5_variants,Brinkmann,famous,MEDIUM,21,42,v2_explicit_transitivity,显式传递性 - 添加传递性约束,12.0,120.205,timeout,True,False,False,False,2,925,10305,12.0,0.3333333333333333,25140,0.2,1,0.0,0.0,11.0,False,error,timeout_not_optimal
E4_5_variants,Brinkmann,famous,MEDIUM,21,42,v3_tight_bounds,更紧边界 - 增强邻居约束,11.0,120.169,timeout,True,False,False,False,2,925,9870,11.0,0.2727272727272727,22964,0.2,1,0.0,0.0,11.0,False,error,timeout_not_optimal
E4_5_variants,Brinkmann,famous,MEDIUM,21,42,v4_with_symmetry,对称性破缺 - 减少对称解,11.0,120.168,timeout,True,False,False,False,2,925,10515,11.0,0.2727272727272727,21394,0.2,1,0.0,0.0,11.0,False,error,timeout_not_optimal
E4_5_variants,Brinkmann,famous,MEDIUM,21,42,v5_enhanced_constraints,增强约束 - 组合多种改进,12.0,120.136,timeout,True,False,False,False,2,925,10536,12.0,0.3333333333333333,25450,0.2,1,0.0,0.0,11.0,False,error,timeout_not_optimal
E4_5_variants,Brinkmann,famous,MEDIUM,21,42,v6_with_redundant,冗余约束 - 添加额外有效不等式,11.0,120.147,timeout,True,False,False,False,2,925,9849,11.0,0.2727272727272727,20451,0.2,1,0.0,0.0,11.0,False,error,timeout_not_optimal
E4_5_variants,Brinkmann,famous,MEDIUM,21,42,v7_no_preprocessing,无预处理 - 最小约束集,11.0,120.144,timeout,True,False,False,False,2,925,9849,11.0,0.2727272727272727,20442,0.2,1,0.0,0.0,11.0,False,error,timeout_not_optimal
E4_5_variants,Bull,famous,TINY,5,5,v1_baseline,基线编码 - 基础ILP约束,3.0,0.008,optimal,False,False,False,False,2,61,180,3.0,0.0,1,0.5,1,0.0,0.0,3.0,True,correct_optimal,
E4_5_variants,Bull,famous,TINY,5,5,v2_explicit_transitivity,显式传递性 - 添加传递性约束,3.0,0.006,optimal,False,False,False,False,2,61,207,3.0,0.0,1,0.5,1,0.0,0.0,3.0,True,correct_optimal,
E4_5_variants,Bull,famous,TINY,5,5,v3_tight_bounds,更紧边界 - 增强邻居约束,3.0,0.006,optimal,False,False,False,False,2,61,185,3.0,0.0,1,0.5,1,0.0,0.0,3.0,True,correct_optimal,
E4_5_variants,Bull,famous,TINY,5,5,v4_with_symmetry,对称性破缺 - 减少对称解,3.0,0.005,optimal,False,False,False,False,2,61,217,3.0,0.0,1,0.5,1,0.0,0.0,3.0,True,correct_optimal,
E4_5_variants,Bull,famous,TINY,5,5,v5_enhanced_constraints,增强约束 - 组合多种改进,3.0,0.006,optimal,False,False,False,False,2,61,222,3.0,0.0,1,0.5,1,0.0,0.0,3.0,True,correct_optimal,
E4_5_variants,Bull,famous,TINY,5,5,v6_with_redundant,冗余约束 - 添加额外有效不等式,3.0,0.008,optimal,False,False,False,False,2,61,180,3.0,0.0,1,0.5,1,0.0,0.0,3.0,True,correct_optimal,
E4_5_variants,Bull,famous,TINY,5,5,v7_no_preprocessing,无预处理 - 最小约束集,3.0,0.007,optimal,False,False,False,False,2,61,180,3.0,0.0,1,0.5,1,0.0,0.0,3.0,True,correct_optimal,
E4_5_variants,Butterfly,famous,TINY,5,6,v1_baseline,基线编码 - 基础ILP约束,3.0,0.005,optimal,False,False,False,False,2,61,181,3.0,0.0,1,0.6,1,0.0,0.0,3.0,True,correct_optimal,
E4_5_variants,Butterfly,famous,TINY,5,6,v2_explicit_transitivity,显式传递性 - 添加传递性约束,3.0,0.006,optimal,False,False,False,False,2,61,208,3.0,0.0,1,0.6,1,0.0,0.0,3.0,True,correct_optimal,
E4_5_variants,Butterfly,famous,TINY,5,6,v3_tight_bounds,更紧边界 - 增强邻居约束,3.0,0.007,optimal,False,False,False,False,2,61,186,3.0,0.0,1,0.6,1,0.0,0.0,3.0,True,correct_optimal,
E4_5_variants,Butterfly,famous,TINY,5,6,v4_with_symmetry,对称性破缺 - 减少对称解,3.0,0.005,optimal,False,False,False,False,2,61,218,3.0,0.0,1,0.6,1,0.0,0.0,3.0,True,correct_optimal,
E4_5_variants,Butterfly,famous,TINY,5,6,v5_enhanced_constraints,增强约束 - 组合多种改进,3.0,0.006,optimal,False,False,False,False,2,61,223,3.0,0.0,1,0.6,1,0.0,0.0,3.0,True,correct_optimal,
E4_5_variants,Butterfly,famous,TINY,5,6,v6_with_redundant,冗余约束 - 添加额外有效不等式,3.0,0.006,optimal,False,False,False,False,2,61,181,3.0,0.0,1,0.6,1,0.0,0.0,3.0,True,correct_optimal,
E4_5_variants,Butterfly,famous,TINY,5,6,v7_no_preprocessing,无预处理 - 最小约束集,3.0,0.005,optimal,False,False,False,False,2,61,181,3.0,0.0,1,0.6,1,0.0,0.0,3.0,True,correct_optimal,
E4_5_variants,Chvatal,famous,SMALL,12,24,v1_baseline,基线编码 - 基础ILP约束,8.0,1.493,optimal,False,False,False,False,2,313,1956,8.0,0.0,467,0.3636,1,0.0,0.0,8.0,True,correct_optimal,
E4_5_variants,Chvatal,famous,SMALL,12,24,v2_explicit_transitivity,显式传递性 - 添加传递性约束,8.0,1.212,optimal,False,False,False,False,2,313,2106,8.0,0.0,450,0.3636,1,0.0,0.0,8.0,True,correct_optimal,
E4_5_variants,Chvatal,famous,SMALL,12,24,v3_tight_bounds,更紧边界 - 增强邻居约束,8.0,1.283,optimal,False,False,False,False,2,313,1968,8.0,0.0,510,0.3636,1,0.0,0.0,8.0,True,correct_optimal,
E4_5_variants,Chvatal,famous,SMALL,12,24,v4_with_symmetry,对称性破缺 - 减少对称解,8.0,1.04,optimal,False,False,False,False,2,313,2172,8.0,0.0,453,0.3636,1,0.0,0.0,8.0,True,correct_optimal,
E4_5_variants,Chvatal,famous,SMALL,12,24,v5_enhanced_constraints,增强约束 - 组合多种改进,8.0,0.994,optimal,False,False,False,False,2,313,2184,8.0,0.0,441,0.3636,1,0.0,0.0,8.0,True,correct_optimal,
E4_5_variants,Chvatal,famous,SMALL,12,24,v6_with_redundant,冗余约束 - 添加额外有效不等式,8.0,1.5,optimal,False,False,False,False,2,313,1956,8.0,0.0,467,0.3636,1,0.0,0.0,8.0,True,correct_optimal,
E4_5_variants,Chvatal,famous,SMALL,12,24,v7_no_preprocessing,无预处理 - 最小约束集,8.0,1.486,optimal,False,False,False,False,2,313,1956,8.0,0.0,467,0.3636,1,0.0,0.0,8.0,True,correct_optimal,
E4_5_variants,Clebsch,famous,SMALL,16,40,v1_baseline,基线编码 - 基础ILP约束,10.0,15.973,optimal,False,False,False,False,2,545,4472,10.0,0.0,4333,0.3333,1,0.0,0.0,10.0,True,correct_optimal,
E4_5_variants,Clebsch,famous,SMALL,16,40,v2_explicit_transitivity,显式传递性 - 添加传递性约束,10.0,18.104,optimal,False,False,False,False,2,545,4738,10.0,0.0,4470,0.3333,1,0.0,0.0,10.0,True,correct_optimal,
E4_5_variants,Clebsch,famous,SMALL,16,40,v3_tight_bounds,更紧边界 - 增强邻居约束,10.0,15.794,optimal,False,False,False,False,2,545,4488,10.0,0.0,4333,0.3333,1,0.0,0.0,10.0,True,correct_optimal,
E4_5_variants,Clebsch,famous,SMALL,16,40,v4_with_symmetry,对称性破缺 - 减少对称解,10.0,18.115,optimal,False,False,False,False,2,545,4858,10.0,0.0,4721,0.3333,1,0.0,0.0,10.0,True,correct_optimal,
E4_5_variants,Clebsch,famous,SMALL,16,40,v5_enhanced_constraints,增强约束 - 组合多种改进,10.0,16.327,optimal,False,False,False,False,2,545,4874,10.0,0.0,4178,0.3333,1,0.0,0.0,10.0,True,correct_optimal,
E4_5_variants,Clebsch,famous,SMALL,16,40,v6_with_redundant,冗余约束 - 添加额外有效不等式,10.0,16.016,optimal,False,False,False,False,2,545,4472,10.0,0.0,4333,0.3333,1,0.0,0.0,10.0,True,correct_optimal,
E4_5_variants,Clebsch,famous,SMALL,16,40,v7_no_preprocessing,无预处理 - 最小约束集,10.0,16.03,optimal,False,False,False,False,2,545,4472,10.0,0.0,4333,0.3333,1,0.0,0.0,10.0,True,correct_optimal,
E4_5_variants,Desargues,famous,SMALL,20,30,v1_baseline,基线编码 - 基础ILP约束,9.0,120.159,timeout,True,False,False,False,2,841,8530,9.0,0.3333333333333333,103189,0.1579,1,0.0,0.0,9.0,False,error,timeout_not_optimal
E4_5_variants,Desargues,famous,SMALL,20,30,v2_explicit_transitivity,显式传递性 - 添加传递性约束,9.0,120.151,timeout,True,False,False,False,2,841,8944,9.0,0.3333333333333333,86451,0.1579,1,0.0,0.0,9.0,False,error,timeout_not_optimal
E4_5_variants,Desargues,famous,SMALL,20,30,v3_tight_bounds,更紧边界 - 增强邻居约束,10.0,120.154,timeout,True,False,False,False,2,841,8550,10.0,0.4,98576,0.1579,1,0.0,0.0,9.0,False,error,timeout_not_optimal
E4_5_variants,Desargues,famous,SMALL,20,30,v4_with_symmetry,对称性破缺 - 减少对称解,9.0,120.195,timeout,True,False,False,False,2,841,9134,9.0,0.3333333333333333,91712,0.1579,1,0.0,0.0,9.0,False,error,timeout_not_optimal
E4_5_variants,Desargues,famous,SMALL,20,30,v5_enhanced_constraints,增强约束 - 组合多种改进,9.0,120.166,timeout,True,False,False,False,2,841,9154,9.0,0.3333333333333333,93684,0.1579,1,0.0,0.0,9.0,False,error,timeout_not_optimal
E4_5_variants,Desargues,famous,SMALL,20,30,v6_with_redundant,冗余约束 - 添加额外有效不等式,9.0,120.166,timeout,True,False,False,False,2,841,8530,9.0,0.3333333333333333,100650,0.1579,1,0.0,0.0,9.0,False,error,timeout_not_optimal
E4_5_variants,Desargues,famous,SMALL,20,30,v7_no_preprocessing,无预处理 - 最小约束集,9.0,120.164,timeout,True,False,False,False,2,841,8530,9.0,0.3333333333333333,99609,0.1579,1,0.0,0.0,9.0,False,error,timeout_not_optimal
E4_5_variants,Diamond,famous,TINY,4,5,v1_baseline,基线编码 - 基础ILP约束,3.0,0.004,optimal,False,False,False,False,2,41,105,3.0,0.0,1,0.8333,1,0.0,0.0,3.0,True,correct_optimal,
E4_5_variants,Diamond,famous,TINY,4,5,v2_explicit_transitivity,显式传递性 - 添加传递性约束,3.0,0.004,optimal,False,False,False,False,2,41,121,3.0,0.0,1,0.8333,1,0.0,0.0,3.0,True,correct_optimal,
E4_5_variants,Diamond,famous,TINY,4,5,v3_tight_bounds,更紧边界 - 增强邻居约束,3.0,0.004,optimal,False,False,False,False,2,41,109,3.0,0.0,1,0.8333,1,0.0,0.0,3.0,True,correct_optimal,
E4_5_variants,Diamond,famous,TINY,4,5,v4_with_symmetry,对称性破缺 - 减少对称解,3.0,0.003,optimal,False,False,False,False,2,41,127,3.0,0.0,1,0.8333,1,0.0,0.0,3.0,True,correct_optimal,
E4_5_variants,Diamond,famous,TINY,4,5,v5_enhanced_constraints,增强约束 - 组合多种改进,3.0,0.005,optimal,False,False,False,False,2,41,131,3.0,0.0,1,0.8333,1,0.0,0.0,3.0,True,correct_optimal,
E4_5_variants,Diamond,famous,TINY,4,5,v6_with_redundant,冗余约束 - 添加额外有效不等式,3.0,0.004,optimal,False,False,False,False,2,41,105,3.0,0.0,1,0.8333,1,0.0,0.0,3.0,True,correct_optimal,
E4_5_variants,Diamond,famous,TINY,4,5,v7_no_preprocessing,无预处理 - 最小约束集,3.0,0.004,optimal,False,False,False,False,2,41,105,3.0,0.0,1,0.8333,1,0.0,0.0,3.0,True,correct_optimal,
E4_5_variants,Dodecahedron,famous,SMALL,20,30,v1_baseline,基线编码 - 基础ILP约束,9.0,120.17,timeout,True,False,False,False,2,841,8530,9.0,0.3333333333333333,101104,0.1579,1,0.0,0.0,9.0,False,error,timeout_not_optimal
E4_5_variants,Dodecahedron,famous,SMALL,20,30,v2_explicit_transitivity,显式传递性 - 添加传递性约束,10.0,120.187,timeout,True,False,False,False,2,841,8944,10.0,0.4,99206,0.1579,1,0.0,0.0,9.0,False,error,timeout_not_optimal
E4_5_variants,Dodecahedron,famous,SMALL,20,30,v3_tight_bounds,更紧边界 - 增强邻居约束,9.0,120.204,timeout,True,False,False,False,2,841,8550,9.0,0.3333333333333333,90126,0.1579,1,0.0,0.0,9.0,False,error,timeout_not_optimal
E4_5_variants,Dodecahedron,famous,SMALL,20,30,v4_with_symmetry,对称性破缺 - 减少对称解,9.0,120.201,timeout,True,False,False,False,2,841,9134,9.0,0.3333333333333333,100273,0.1579,1,0.0,0.0,9.0,False,error,timeout_not_optimal
E4_5_variants,Dodecahedron,famous,SMALL,20,30,v5_enhanced_constraints,增强约束 - 组合多种改进,10.0,120.182,timeout,True,False,False,False,2,841,9154,10.0,0.4,95663,0.1579,1,0.0,0.0,9.0,False,error,timeout_not_optimal
E4_5_variants,Dodecahedron,famous,SMALL,20,30,v6_with_redundant,冗余约束 - 添加额外有效不等式,9.0,120.197,timeout,True,False,False,False,2,841,8530,9.0,0.3333333333333333,90469,0.1579,1,0.0,0.0,9.0,False,error,timeout_not_optimal
E4_5_variants,Dodecahedron,famous,SMALL,20,30,v7_no_preprocessing,无预处理 - 最小约束集,9.0,120.18,timeout,True,False,False,False,2,841,8530,9.0,0.3333333333333333,96272,0.1579,1,0.0,0.0,9.0,False,error,timeout_not_optimal
E4_5_variants,Durer,famous,SMALL,12,18,v1_baseline,基线编码 - 基础ILP约束,7.0,3.092,optimal,False,False,False,False,2,313,1950,7.0,0.0,4910,0.2727,1,0.0,0.0,7.0,True,correct_optimal,
E4_5_variants,Durer,famous,SMALL,12,18,v2_explicit_transitivity,显式传递性 - 添加传递性约束,7.0,2.124,optimal,False,False,False,False,2,313,2100,7.0,0.0,4333,0.2727,1,0.0,0.0,7.0,True,correct_optimal,
E4_5_variants,Durer,famous,SMALL,12,18,v3_tight_bounds,更紧边界 - 增强邻居约束,7.0,2.255,optimal,False,False,False,False,2,313,1962,7.0,0.0,4578,0.2727,1,0.0,0.0,7.0,True,correct_optimal,
E4_5_variants,Durer,famous,SMALL,12,18,v4_with_symmetry,对称性破缺 - 减少对称解,7.0,1.577,optimal,False,False,False,False,2,313,2166,7.0,0.0,3056,0.2727,1,0.0,0.0,7.0,True,correct_optimal,
E4_5_variants,Durer,famous,SMALL,12,18,v5_enhanced_constraints,增强约束 - 组合多种改进,7.0,1.813,optimal,False,False,False,False,2,313,2178,7.0,0.0,2959,0.2727,1,0.0,0.0,7.0,True,correct_optimal,
E4_5_variants,Durer,famous,SMALL,12,18,v6_with_redundant,冗余约束 - 添加额外有效不等式,7.0,3.119,optimal,False,False,False,False,2,313,1950,7.0,0.0,4910,0.2727,1,0.0,0.0,7.0,True,correct_optimal,
E4_5_variants,Durer,famous,SMALL,12,18,v7_no_preprocessing,无预处理 - 最小约束集,7.0,3.063,optimal,False,False,False,False,2,313,1950,7.0,0.0,4910,0.2727,1,0.0,0.0,7.0,True,correct_optimal,
E4_5_variants,Errera,famous,SMALL,17,45,v1_baseline,基线编码 - 基础ILP约束,10.0,27.19,optimal,False,False,False,False,2,613,5332,10.0,0.0,7115,0.3309,1,0.0,0.0,10.0,True,correct_optimal,
E4_5_variants,Errera,famous,SMALL,17,45,v2_explicit_transitivity,显式传递性 - 添加传递性约束,10.0,22.203,optimal,False,False,False,False,2,613,5632,10.0,0.0,5125,0.3309,1,0.0,0.0,10.0,True,correct_optimal,
E4_5_variants,Errera,famous,SMALL,17,45,v3_tight_bounds,更紧边界 - 增强邻居约束,10.0,20.909,optimal,False,False,False,False,2,613,5349,10.0,0.0,4961,0.3309,1,0.0,0.0,10.0,True,correct_optimal,
E4_5_variants,Errera,famous,SMALL,17,45,v4_with_symmetry,对称性破缺 - 减少对称解,10.0,20.155,optimal,False,False,False,False,2,613,5768,10.0,0.0,5658,0.3309,1,0.0,0.0,10.0,True,correct_optimal,
E4_5_variants,Errera,famous,SMALL,17,45,v5_enhanced_constraints,增强约束 - 组合多种改进,10.0,30.159,optimal,False,False,False,False,2,613,5785,10.0,0.0,8042,0.3309,1,0.0,0.0,10.0,True,correct_optimal,
E4_5_variants,Errera,famous,SMALL,17,45,v6_with_redundant,冗余约束 - 添加额外有效不等式,10.0,27.123,optimal,False,False,False,False,2,613,5332,10.0,0.0,7115,0.3309,1,0.0,0.0,10.0,True,correct_optimal,
E4_5_variants,Errera,famous,SMALL,17,45,v7_no_preprocessing,无预处理 - 最小约束集,10.0,27.29,optimal,False,False,False,False,2,613,5332,10.0,0.0,7115,0.3309,1,0.0,0.0,10.0,True,correct_optimal,
E4_5_variants,FlowerSnark,famous,SMALL,20,30,v1_baseline,基线编码 - 基础ILP约束,9.0,120.149,timeout,True,False,False,False,2,841,8530,9.0,0.3333333333333333,59809,0.1579,1,0.0,0.0,9.0,False,error,timeout_not_optimal
E4_5_variants,FlowerSnark,famous,SMALL,20,30,v2_explicit_transitivity,显式传递性 - 添加传递性约束,10.0,120.157,timeout,True,False,False,False,2,841,8944,10.0,0.4,55399,0.1579,1,0.0,0.0,9.0,False,error,timeout_not_optimal
E4_5_variants,FlowerSnark,famous,SMALL,20,30,v3_tight_bounds,更紧边界 - 增强邻居约束,9.0,120.16,timeout,True,False,False,False,2,841,8550,9.0,0.3333333333333333,55639,0.1579,1,0.0,0.0,9.0,False,error,timeout_not_optimal
E4_5_variants,FlowerSnark,famous,SMALL,20,30,v4_with_symmetry,对称性破缺 - 减少对称解,10.0,120.197,timeout,True,False,False,False,2,841,9134,10.0,0.4,60597,0.1579,1,0.0,0.0,9.0,False,error,timeout_not_optimal
E4_5_variants,FlowerSnark,famous,SMALL,20,30,v5_enhanced_constraints,增强约束 - 组合多种改进,9.0,120.183,timeout,True,False,False,False,2,841,9154,9.0,0.3333333333333333,59541,0.1579,1,0.0,0.0,9.0,False,error,timeout_not_optimal
E4_5_variants,FlowerSnark,famous,SMALL,20,30,v6_with_redundant,冗余约束 - 添加额外有效不等式,9.0,120.145,timeout,True,False,False,False,2,841,8530,9.0,0.3333333333333333,58763,0.1579,1,0.0,0.0,9.0,False,error,timeout_not_optimal
E4_5_variants,FlowerSnark,famous,SMALL,20,30,v7_no_preprocessing,无预处理 - 最小约束集,9.0,120.186,timeout,True,False,False,False,2,841,8530,9.0,0.3333333333333333,59973,0.1579,1,0.0,0.0,9.0,False,error,timeout_not_optimal
E4_5_variants,Folkman,famous,SMALL,20,40,v1_baseline,基线编码 - 基础ILP约束,10.0,120.158,timeout,True,False,False,False,2,841,8540,10.0,0.4,37763,0.2105,1,0.0,0.0,9.0,False,error,timeout_not_optimal
E4_5_variants,Folkman,famous,SMALL,20,40,v2_explicit_transitivity,显式传递性 - 添加传递性约束,10.0,120.143,timeout,True,False,False,False,2,841,8954,10.0,0.4,43469,0.2105,1,0.0,0.0,9.0,False,error,timeout_not_optimal
E4_5_variants,Folkman,famous,SMALL,20,40,v3_tight_bounds,更紧边界 - 增强邻居约束,10.0,120.16,timeout,True,False,False,False,2,841,8560,10.0,0.3,55489,0.2105,1,0.0,0.0,9.0,False,error,timeout_not_optimal
E4_5_variants,Folkman,famous,SMALL,20,40,v4_with_symmetry,对称性破缺 - 减少对称解,10.0,120.161,timeout,True,False,False,False,2,841,9144,10.0,0.3,58141,0.2105,1,0.0,0.0,9.0,False,error,timeout_not_optimal
E4_5_variants,Folkman,famous,SMALL,20,40,v5_enhanced_constraints,增强约束 - 组合多种改进,10.0,120.153,timeout,True,False,False,False,2,841,9164,10.0,0.3,52185,0.2105,1,0.0,0.0,9.0,False,error,timeout_not_optimal
E4_5_variants,Folkman,famous,SMALL,20,40,v6_with_redundant,冗余约束 - 添加额外有效不等式,10.0,120.137,timeout,True,False,False,False,2,841,8540,10.0,0.4,39998,0.2105,1,0.0,0.0,9.0,False,error,timeout_not_optimal
E4_5_variants,Folkman,famous,SMALL,20,40,v7_no_preprocessing,无预处理 - 最小约束集,10.0,120.176,timeout,True,False,False,False,2,841,8540,10.0,0.4,39647,0.2105,1,0.0,0.0,9.0,False,error,timeout_not_optimal
E4_5_variants,Franklin,famous,SMALL,12,18,v1_baseline,基线编码 - 基础ILP约束,7.0,1.629,optimal,False,False,False,False,2,313,1950,7.0,0.0,3000,0.2727,1,0.0,0.0,7.0,True,correct_optimal,
E4_5_variants,Franklin,famous,SMALL,12,18,v2_explicit_transitivity,显式传递性 - 添加传递性约束,7.0,2.089,optimal,False,False,False,False,2,313,2100,7.0,0.0,3392,0.2727,1,0.0,0.0,7.0,True,correct_optimal,
E4_5_variants,Franklin,famous,SMALL,12,18,v3_tight_bounds,更紧边界 - 增强邻居约束,7.0,1.845,optimal,False,False,False,False,2,313,1962,7.0,0.0,3109,0.2727,1,0.0,0.0,7.0,True,correct_optimal,
E4_5_variants,Franklin,famous,SMALL,12,18,v4_with_symmetry,对称性破缺 - 减少对称解,7.0,1.94,optimal,False,False,False,False,2,313,2166,7.0,0.0,3769,0.2727,1,0.0,0.0,7.0,True,correct_optimal,
E4_5_variants,Franklin,famous,SMALL,12,18,v5_enhanced_constraints,增强约束 - 组合多种改进,7.0,1.516,optimal,False,False,False,False,2,313,2178,7.0,0.0,2666,0.2727,1,0.0,0.0,7.0,True,correct_optimal,
E4_5_variants,Franklin,famous,SMALL,12,18,v6_with_redundant,冗余约束 - 添加额外有效不等式,7.0,1.607,optimal,False,False,False,False,2,313,1950,7.0,0.0,3000,0.2727,1,0.0,0.0,7.0,True,correct_optimal,
E4_5_variants,Franklin,famous,SMALL,12,18,v7_no_preprocessing,无预处理 - 最小约束集,7.0,1.637,optimal,False,False,False,False,2,313,1950,7.0,0.0,3000,0.2727,1,0.0,0.0,7.0,True,correct_optimal,
E4_5_variants,Frucht,famous,SMALL,12,18,v1_baseline,基线编码 - 基础ILP约束,6.0,0.763,optimal,False,False,False,False,2,313,1950,6.0,0.0,412,0.2727,1,0.0,0.0,6.0,True,correct_optimal,
E4_5_variants,Frucht,famous,SMALL,12,18,v2_explicit_transitivity,显式传递性 - 添加传递性约束,6.0,0.714,optimal,False,False,False,False,2,313,2100,6.0,0.0,388,0.2727,1,0.0,0.0,6.0,True,correct_optimal,
E4_5_variants,Frucht,famous,SMALL,12,18,v3_tight_bounds,更紧边界 - 增强邻居约束,6.0,0.725,optimal,False,False,False,False,2,313,1962,6.0,0.0,390,0.2727,1,0.0,0.0,6.0,True,correct_optimal,
E4_5_variants,Frucht,famous,SMALL,12,18,v4_with_symmetry,对称性破缺 - 减少对称解,6.0,0.63,optimal,False,False,False,False,2,313,2166,6.0,0.0,260,0.2727,1,0.0,0.0,6.0,True,correct_optimal,
E4_5_variants,Frucht,famous,SMALL,12,18,v5_enhanced_constraints,增强约束 - 组合多种改进,6.0,0.743,optimal,False,False,False,False,2,313,2178,6.0,0.0,504,0.2727,1,0.0,0.0,6.0,True,correct_optimal,
E4_5_variants,Frucht,famous,SMALL,12,18,v6_with_redundant,冗余约束 - 添加额外有效不等式,6.0,0.77,optimal,False,False,False,False,2,313,1950,6.0,0.0,412,0.2727,1,0.0,0.0,6.0,True,correct_optimal,
E4_5_variants,Frucht,famous,SMALL,12,18,v7_no_preprocessing,无预处理 - 最小约束集,6.0,0.768,optimal,False,False,False,False,2,313,1950,6.0,0.0,412,0.2727,1,0.0,0.0,6.0,True,correct_optimal,
E4_5_variants,Goldner,famous,SMALL,11,27,v1_baseline,基线编码 - 基础ILP约束,5.0,0.068,optimal,False,False,False,False,2,265,1534,5.0,0.0,1,0.4909,1,0.0,0.0,5.0,True,correct_optimal,
E4_5_variants,Goldner,famous,SMALL,11,27,v2_explicit_transitivity,显式传递性 - 添加传递性约束,5.0,0.075,optimal,False,False,False,False,2,265,1660,5.0,0.0,1,0.4909,1,0.0,0.0,5.0,True,correct_optimal,
E4_5_variants,Goldner,famous,SMALL,11,27,v3_tight_bounds,更紧边界 - 增强邻居约束,5.0,0.067,optimal,False,False,False,False,2,265,1545,5.0,0.0,1,0.4909,1,0.0,0.0,5.0,True,correct_optimal,
E4_5_variants,Goldner,famous,SMALL,11,27,v4_with_symmetry,对称性破缺 - 减少对称解,5.0,0.066,optimal,False,False,False,False,2,265,1715,5.0,0.0,1,0.4909,1,0.0,0.0,5.0,True,correct_optimal,
E4_5_variants,Goldner,famous,SMALL,11,27,v5_enhanced_constraints,增强约束 - 组合多种改进,5.0,0.067,optimal,False,False,False,False,2,265,1726,5.0,0.0,1,0.4909,1,0.0,0.0,5.0,True,correct_optimal,
E4_5_variants,Goldner,famous,SMALL,11,27,v6_with_redundant,冗余约束 - 添加额外有效不等式,5.0,0.074,optimal,False,False,False,False,2,265,1534,5.0,0.0,1,0.4909,1,0.0,0.0,5.0,True,correct_optimal,
E4_5_variants,Goldner,famous,SMALL,11,27,v7_no_preprocessing,无预处理 - 最小约束集,5.0,0.067,optimal,False,False,False,False,2,265,1534,5.0,0.0,1,0.4909,1,0.0,0.0,5.0,True,correct_optimal,
E4_5_variants,Grotzsch,famous,SMALL,11,20,v1_baseline,基线编码 - 基础ILP约束,7.0,0.79,optimal,False,False,False,False,2,265,1527,7.0,0.0,115,0.3636,1,0.0,0.0,7.0,True,correct_optimal,
E4_5_variants,Grotzsch,famous,SMALL,11,20,v2_explicit_transitivity,显式传递性 - 添加传递性约束,7.0,0.786,optimal,False,False,False,False,2,265,1653,7.0,0.0,135,0.3636,1,0.0,0.0,7.0,True,correct_optimal,
E4_5_variants,Grotzsch,famous,SMALL,11,20,v3_tight_bounds,更紧边界 - 增强邻居约束,7.0,0.779,optimal,False,False,False,False,2,265,1538,7.0,0.0,115,0.3636,1,0.0,0.0,7.0,True,correct_optimal,
E4_5_variants,Grotzsch,famous,SMALL,11,20,v4_with_symmetry,对称性破缺 - 减少对称解,7.0,0.782,optimal,False,False,False,False,2,265,1708,7.0,0.0,157,0.3636,1,0.0,0.0,7.0,True,correct_optimal,
E4_5_variants,Grotzsch,famous,SMALL,11,20,v5_enhanced_constraints,增强约束 - 组合多种改进,7.0,0.777,optimal,False,False,False,False,2,265,1719,7.0,0.0,109,0.3636,1,0.0,0.0,7.0,True,correct_optimal,
E4_5_variants,Grotzsch,famous,SMALL,11,20,v6_with_redundant,冗余约束 - 添加额外有效不等式,7.0,0.78,optimal,False,False,False,False,2,265,1527,7.0,0.0,115,0.3636,1,0.0,0.0,7.0,True,correct_optimal,
E4_5_variants,Grotzsch,famous,SMALL,11,20,v7_no_preprocessing,无预处理 - 最小约束集,7.0,0.774,optimal,False,False,False,False,2,265,1527,7.0,0.0,115,0.3636,1,0.0,0.0,7.0,True,correct_optimal,
E4_5_variants,Herschel,famous,SMALL,11,18,v1_baseline,基线编码 - 基础ILP约束,5.0,0.227,optimal,False,False,False,False,2,265,1525,5.0,0.0,1,0.3273,1,0.0,0.0,5.0,True,correct_optimal,
E4_5_variants,Herschel,famous,SMALL,11,18,v2_explicit_transitivity,显式传递性 - 添加传递性约束,5.0,0.307,optimal,False,False,False,False,2,265,1651,5.0,0.0,1,0.3273,1,0.0,0.0,5.0,True,correct_optimal,
E4_5_variants,Herschel,famous,SMALL,11,18,v3_tight_bounds,更紧边界 - 增强邻居约束,5.0,0.235,optimal,False,False,False,False,2,265,1536,5.0,0.0,1,0.3273,1,0.0,0.0,5.0,True,correct_optimal,
E4_5_variants,Herschel,famous,SMALL,11,18,v4_with_symmetry,对称性破缺 - 减少对称解,5.0,0.251,optimal,False,False,False,False,2,265,1706,5.0,0.0,1,0.3273,1,0.0,0.0,5.0,True,correct_optimal,
E4_5_variants,Herschel,famous,SMALL,11,18,v5_enhanced_constraints,增强约束 - 组合多种改进,5.0,0.198,optimal,False,False,False,False,2,265,1717,5.0,0.0,1,0.3273,1,0.0,0.0,5.0,True,correct_optimal,
E4_5_variants,Herschel,famous,SMALL,11,18,v6_with_redundant,冗余约束 - 添加额外有效不等式,5.0,0.231,optimal,False,False,False,False,2,265,1525,5.0,0.0,1,0.3273,1,0.0,0.0,5.0,True,correct_optimal,
E4_5_variants,Herschel,famous,SMALL,11,18,v7_no_preprocessing,无预处理 - 最小约束集,5.0,0.226,optimal,False,False,False,False,2,265,1525,5.0,0.0,1,0.3273,1,0.0,0.0,5.0,True,correct_optimal,
E4_5_variants,Hoffman,famous,SMALL,16,32,v1_baseline,基线编码 - 基础ILP约束,8.0,9.266,optimal,False,False,False,False,2,545,4464,8.0,0.0,3151,0.2667,1,0.0,0.0,8.0,True,correct_optimal,
E4_5_variants,Hoffman,famous,SMALL,16,32,v2_explicit_transitivity,显式传递性 - 添加传递性约束,8.0,6.902,optimal,False,False,False,False,2,545,4730,8.0,0.0,2270,0.2667,1,0.0,0.0,8.0,True,correct_optimal,
E4_5_variants,Hoffman,famous,SMALL,16,32,v3_tight_bounds,更紧边界 - 增强邻居约束,8.0,9.332,optimal,False,False,False,False,2,545,4480,8.0,0.0,2908,0.2667,1,0.0,0.0,8.0,True,correct_optimal,
E4_5_variants,Hoffman,famous,SMALL,16,32,v4_with_symmetry,对称性破缺 - 减少对称解,8.0,13.528,optimal,False,False,False,False,2,545,4850,8.0,0.0,5820,0.2667,1,0.0,0.0,8.0,True,correct_optimal,
E4_5_variants,Hoffman,famous,SMALL,16,32,v5_enhanced_constraints,增强约束 - 组合多种改进,8.0,13.322,optimal,False,False,False,False,2,545,4866,8.0,0.0,4928,0.2667,1,0.0,0.0,8.0,True,correct_optimal,
E4_5_variants,Hoffman,famous,SMALL,16,32,v6_with_redundant,冗余约束 - 添加额外有效不等式,8.0,9.234,optimal,False,False,False,False,2,545,4464,8.0,0.0,3151,0.2667,1,0.0,0.0,8.0,True,correct_optimal,
E4_5_variants,Hoffman,famous,SMALL,16,32,v7_no_preprocessing,无预处理 - 最小约束集,8.0,9.158,optimal,False,False,False,False,2,545,4464,8.0,0.0,3151,0.2667,1,0.0,0.0,8.0,True,correct_optimal,
E4_5_variants,Holt,famous,MEDIUM,27,54,v1_baseline,基线编码 - 基础ILP约束,15.0,120.294,timeout,True,False,False,False,2,1513,20601,15.0,0.6666666666666666,4163,0.1538,1,0.0,0.0,,,no_golden_standard,
E4_5_variants,Holt,famous,MEDIUM,27,54,v2_explicit_transitivity,显式传递性 - 添加传递性约束,16.0,120.299,timeout,True,False,False,False,2,1513,21351,16.0,0.6875,3422,0.1538,1,0.0,0.0,,,no_golden_standard,
E4_5_variants,Holt,famous,MEDIUM,27,54,v3_tight_bounds,更紧边界 - 增强邻居约束,16.0,120.301,timeout,True,False,False,False,2,1513,20628,16.0,0.6875,3133,0.1538,1,0.0,0.0,,,no_golden_standard,
E4_5_variants,Holt,famous,MEDIUM,27,54,v4_with_symmetry,对称性破缺 - 减少对称解,14.0,120.278,timeout,True,False,False,False,2,1513,21702,14.0,0.6428571428571429,3857,0.1538,1,0.0,0.0,,,no_golden_standard,
E4_5_variants,Holt,famous,MEDIUM,27,54,v5_enhanced_constraints,增强约束 - 组合多种改进,15.0,120.279,timeout,True,False,False,False,2,1513,21729,15.0,0.6666666666666666,3576,0.1538,1,0.0,0.0,,,no_golden_standard,
E4_5_variants,Holt,famous,MEDIUM,27,54,v6_with_redundant,冗余约束 - 添加额外有效不等式,15.0,120.284,timeout,True,False,False,False,2,1513,20601,15.0,0.6666666666666666,4369,0.1538,1,0.0,0.0,,,no_golden_standard,
E4_5_variants,Holt,famous,MEDIUM,27,54,v7_no_preprocessing,无预处理 - 最小约束集,15.0,120.256,timeout,True,False,False,False,2,1513,20601,15.0,0.6666666666666666,4419,0.1538,1,0.0,0.0,,,no_golden_standard,
E4_5_variants,Kittell,famous,MEDIUM,23,63,v1_baseline,基线编码 - 基础ILP约束,12.0,120.172,timeout,True,False,False,False,2,1105,12874,12.0,0.3333333333333333,14134,0.249,1,0.0,0.0,12.0,False,error,timeout_not_optimal
E4_5_variants,Kittell,famous,MEDIUM,23,63,v2_explicit_transitivity,显式传递性 - 添加传递性约束,12.0,120.2,timeout,True,False,False,False,2,1105,13420,12.0,0.3333333333333333,14864,0.249,1,0.0,0.0,12.0,False,error,timeout_not_optimal
E4_5_variants,Kittell,famous,MEDIUM,23,63,v3_tight_bounds,更紧边界 - 增强邻居约束,12.0,120.174,timeout,True,False,False,False,2,1105,12897,12.0,0.3333333333333333,14584,0.249,1,0.0,0.0,12.0,False,error,timeout_not_optimal
E4_5_variants,Kittell,famous,MEDIUM,23,63,v4_with_symmetry,对称性破缺 - 减少对称解,12.0,120.22,timeout,True,False,False,False,2,1105,13673,12.0,0.3333333333333333,17337,0.249,1,0.0,0.0,12.0,False,error,timeout_not_optimal
E4_5_variants,Kittell,famous,MEDIUM,23,63,v5_enhanced_constraints,增强约束 - 组合多种改进,12.0,120.209,timeout,True,False,False,False,2,1105,13696,12.0,0.3333333333333333,12018,0.249,1,0.0,0.0,12.0,False,error,timeout_not_optimal
E4_5_variants,Kittell,famous,MEDIUM,23,63,v6_with_redundant,冗余约束 - 添加额外有效不等式,12.0,120.2,timeout,True,False,False,False,2,1105,12874,12.0,0.3333333333333333,12419,0.249,1,0.0,0.0,12.0,False,error,timeout_not_optimal
E4_5_variants,Kittell,famous,MEDIUM,23,63,v7_no_preprocessing,无预处理 - 最小约束集,12.0,120.18,timeout,True,False,False,False,2,1105,12874,12.0,0.3333333333333333,13558,0.249,1,0.0,0.0,12.0,False,error,timeout_not_optimal
E4_5_variants,McGee,famous,MEDIUM,24,36,v1_baseline,基线编码 - 基础ILP约束,11.0,120.253,timeout,True,False,False,False,2,1201,14556,11.0,0.5454545454545454,32708,0.1304,1,0.0,0.0,11.0,False,error,timeout_not_optimal
E4_5_variants,McGee,famous,MEDIUM,24,36,v2_explicit_transitivity,显式传递性 - 添加传递性约束,12.0,120.267,timeout,True,False,False,False,2,1201,15150,12.0,0.5833333333333334,37491,0.1304,1,0.0,0.0,11.0,False,error,timeout_not_optimal
E4_5_variants,McGee,famous,MEDIUM,24,36,v3_tight_bounds,更紧边界 - 增强邻居约束,12.0,120.206,timeout,True,False,False,False,2,1201,14580,12.0,0.5833333333333334,38197,0.1304,1,0.0,0.0,11.0,False,error,timeout_not_optimal
E4_5_variants,McGee,famous,MEDIUM,24,36,v4_with_symmetry,对称性破缺 - 减少对称解,12.0,120.279,timeout,True,False,False,False,2,1201,15426,12.0,0.5833333333333334,39875,0.1304,1,0.0,0.0,11.0,False,error,timeout_not_optimal
E4_5_variants,McGee,famous,MEDIUM,24,36,v5_enhanced_constraints,增强约束 - 组合多种改进,11.0,120.354,timeout,True,False,False,False,2,1201,15450,11.0,0.5454545454545454,31194,0.1304,1,0.0,0.0,11.0,False,error,timeout_not_optimal
E4_5_variants,McGee,famous,MEDIUM,24,36,v6_with_redundant,冗余约束 - 添加额外有效不等式,11.0,120.235,timeout,True,False,False,False,2,1201,14556,11.0,0.5454545454545454,26898,0.1304,1,0.0,0.0,11.0,False,error,timeout_not_optimal
E4_5_variants,McGee,famous,MEDIUM,24,36,v7_no_preprocessing,无预处理 - 最小约束集,11.0,120.219,timeout,True,False,False,False,2,1201,14556,11.0,0.5454545454545454,33246,0.1304,1,0.0,0.0,11.0,False,error,timeout_not_optimal
E4_5_variants,Moser,famous,TINY,7,11,v1_baseline,基线编码 - 基础ILP约束,5.0,0.041,optimal,False,False,False,False,2,113,438,5.0,0.0,1,0.5238,1,0.0,0.0,5.0,True,correct_optimal,
E4_5_variants,Moser,famous,TINY,7,11,v2_explicit_transitivity,显式传递性 - 添加传递性约束,5.0,0.036,optimal,False,False,False,False,2,113,488,5.0,0.0,1,0.5238,1,0.0,0.0,5.0,True,correct_optimal,
E4_5_variants,Moser,famous,TINY,7,11,v3_tight_bounds,更紧边界 - 增强邻居约束,5.0,0.051,optimal,False,False,False,False,2,113,445,5.0,0.0,1,0.5238,1,0.0,0.0,5.0,True,correct_optimal,
E4_5_variants,Moser,famous,TINY,7,11,v4_with_symmetry,对称性破缺 - 减少对称解,5.0,0.036,optimal,False,False,False,False,2,113,509,5.0,0.0,1,0.5238,1,0.0,0.0,5.0,True,correct_optimal,
E4_5_variants,Moser,famous,TINY,7,11,v5_enhanced_constraints,增强约束 - 组合多种改进,5.0,0.039,optimal,False,False,False,False,2,113,516,5.0,0.0,1,0.5238,1,0.0,0.0,5.0,True,correct_optimal,
E4_5_variants,Moser,famous,TINY,7,11,v6_with_redundant,冗余约束 - 添加额外有效不等式,5.0,0.04,optimal,False,False,False,False,2,113,438,5.0,0.0,1,0.5238,1,0.0,0.0,5.0,True,correct_optimal,
E4_5_variants,Moser,famous,TINY,7,11,v7_no_preprocessing,无预处理 - 最小约束集,5.0,0.037,optimal,False,False,False,False,2,113,438,5.0,0.0,1,0.5238,1,0.0,0.0,5.0,True,correct_optimal,
E4_5_variants,Nauru,famous,MEDIUM,24,36,v1_baseline,基线编码 - 基础ILP约束,12.0,120.297,timeout,True,False,False,False,2,1201,14556,12.0,0.5833333333333334,35705,0.1304,1,0.0,0.0,10.0,False,error,timeout_not_optimal
E4_5_variants,Nauru,famous,MEDIUM,24,36,v2_explicit_transitivity,显式传递性 - 添加传递性约束,12.0,120.245,timeout,True,False,False,False,2,1201,15150,12.0,0.5833333333333334,29477,0.1304,1,0.0,0.0,10.0,False,error,timeout_not_optimal
E4_5_variants,Nauru,famous,MEDIUM,24,36,v3_tight_bounds,更紧边界 - 增强邻居约束,12.0,120.283,timeout,True,False,False,False,2,1201,14580,12.0,0.5833333333333334,36271,0.1304,1,0.0,0.0,10.0,False,error,timeout_not_optimal
E4_5_variants,Nauru,famous,MEDIUM,24,36,v4_with_symmetry,对称性破缺 - 减少对称解,12.0,120.29,timeout,True,False,False,False,2,1201,15426,12.0,0.5833333333333334,40805,0.1304,1,0.0,0.0,10.0,False,error,timeout_not_optimal
E4_5_variants,Nauru,famous,MEDIUM,24,36,v5_enhanced_constraints,增强约束 - 组合多种改进,12.0,120.233,timeout,True,False,False,False,2,1201,15450,12.0,0.5833333333333334,46134,0.1304,1,0.0,0.0,10.0,False,error,timeout_not_optimal
E4_5_variants,Nauru,famous,MEDIUM,24,36,v6_with_redundant,冗余约束 - 添加额外有效不等式,12.0,120.305,timeout,True,False,False,False,2,1201,14556,12.0,0.5833333333333334,36616,0.1304,1,0.0,0.0,10.0,False,error,timeout_not_optimal
E4_5_variants,Nauru,famous,MEDIUM,24,36,v7_no_preprocessing,无预处理 - 最小约束集,12.0,120.256,timeout,True,False,False,False,2,1201,14556,12.0,0.5833333333333334,36505,0.1304,1,0.0,0.0,10.0,False,error,timeout_not_optimal
E4_5_variants,Paley13,famous,SMALL,13,39,v1_baseline,基线编码 - 基础ILP约束,10.0,5.279,optimal,False,False,False,False,2,365,2470,10.0,0.0,3838,0.5,1,0.0,0.0,10.0,True,correct_optimal,
E4_5_variants,Paley13,famous,SMALL,13,39,v2_explicit_transitivity,显式传递性 - 添加传递性约束,10.0,6.007,optimal,False,False,False,False,2,365,2646,10.0,0.0,3970,0.5,1,0.0,0.0,10.0,True,correct_optimal,
E4_5_variants,Paley13,famous,SMALL,13,39,v3_tight_bounds,更紧边界 - 增强邻居约束,10.0,7.355,optimal,False,False,False,False,2,365,2483,10.0,0.0,5851,0.5,1,0.0,0.0,10.0,True,correct_optimal,
E4_5_variants,Paley13,famous,SMALL,13,39,v4_with_symmetry,对称性破缺 - 减少对称解,10.0,5.818,optimal,False,False,False,False,2,365,2724,10.0,0.0,4040,0.5,1,0.0,0.0,10.0,True,correct_optimal,
E4_5_variants,Paley13,famous,SMALL,13,39,v5_enhanced_constraints,增强约束 - 组合多种改进,10.0,6.162,optimal,False,False,False,False,2,365,2737,10.0,0.0,4135,0.5,1,0.0,0.0,10.0,True,correct_optimal,
E4_5_variants,Paley13,famous,SMALL,13,39,v6_with_redundant,冗余约束 - 添加额外有效不等式,10.0,5.167,optimal,False,False,False,False,2,365,2470,10.0,0.0,3838,0.5,1,0.0,0.0,10.0,True,correct_optimal,
E4_5_variants,Paley13,famous,SMALL,13,39,v7_no_preprocessing,无预处理 - 最小约束集,10.0,5.242,optimal,False,False,False,False,2,365,2470,10.0,0.0,3838,0.5,1,0.0,0.0,10.0,True,correct_optimal,
E4_5_variants,Pappus,famous,SMALL,18,27,v1_baseline,基线编码 - 基础ILP约束,9.0,120.125,timeout,True,False,False,False,2,685,6273,9.0,0.3333333333333333,64004,0.1765,1,0.0,0.0,8.0,False,error,timeout_not_optimal
E4_5_variants,Pappus,famous,SMALL,18,27,v2_explicit_transitivity,显式传递性 - 添加传递性约束,9.0,120.157,timeout,True,False,False,False,2,685,6609,9.0,0.3333333333333333,81814,0.1765,1,0.0,0.0,8.0,False,error,timeout_not_optimal
E4_5_variants,Pappus,famous,SMALL,18,27,v3_tight_bounds,更紧边界 - 增强邻居约束,9.0,120.153,timeout,True,False,False,False,2,685,6291,9.0,0.3333333333333333,83354,0.1765,1,0.0,0.0,8.0,False,error,timeout_not_optimal
E4_5_variants,Pappus,famous,SMALL,18,27,v4_with_symmetry,对称性破缺 - 减少对称解,9.0,120.13,timeout,True,False,False,False,2,685,6762,9.0,0.2222222222222222,74346,0.1765,1,0.0,0.0,8.0,False,error,timeout_not_optimal
E4_5_variants,Pappus,famous,SMALL,18,27,v5_enhanced_constraints,增强约束 - 组合多种改进,8.0,61.796,optimal,False,False,False,False,2,685,6780,8.0,0.0,34016,0.1765,1,0.0,0.0,8.0,True,correct_optimal,
E4_5_variants,Pappus,famous,SMALL,18,27,v6_with_redundant,冗余约束 - 添加额外有效不等式,9.0,120.175,timeout,True,False,False,False,2,685,6273,9.0,0.3333333333333333,78582,0.1765,1,0.0,0.0,8.0,False,error,timeout_not_optimal
E4_5_variants,Pappus,famous,SMALL,18,27,v7_no_preprocessing,无预处理 - 最小约束集,9.0,120.147,timeout,True,False,False,False,2,685,6273,9.0,0.3333333333333333,75232,0.1765,1,0.0,0.0,8.0,False,error,timeout_not_optimal
E4_5_variants,Petersen,famous,TINY,10,15,v1_baseline,基线编码 - 基础ILP约束,6.0,0.38,optimal,False,False,False,False,2,221,1165,6.0,0.0,1,0.3333,1,0.0,0.0,6.0,True,correct_optimal,
E4_5_variants,Petersen,famous,TINY,10,15,v2_explicit_transitivity,显式传递性 - 添加传递性约束,6.0,0.348,optimal,False,False,False,False,2,221,1269,6.0,0.0,56,0.3333,1,0.0,0.0,6.0,True,correct_optimal,
E4_5_variants,Petersen,famous,TINY,10,15,v3_tight_bounds,更紧边界 - 增强邻居约束,6.0,0.469,optimal,False,False,False,False,2,221,1175,6.0,0.0,69,0.3333,1,0.0,0.0,6.0,True,correct_optimal,
E4_5_variants,Petersen,famous,TINY,10,15,v4_with_symmetry,对称性破缺 - 减少对称解,6.0,0.357,optimal,False,False,False,False,2,221,1314,6.0,0.0,1,0.3333,1,0.0,0.0,6.0,True,correct_optimal,
E4_5_variants,Petersen,famous,TINY,10,15,v5_enhanced_constraints,增强约束 - 组合多种改进,6.0,0.33,optimal,False,False,False,False,2,221,1324,6.0,0.0,1,0.3333,1,0.0,0.0,6.0,True,correct_optimal,
E4_5_variants,Petersen,famous,TINY,10,15,v6_with_redundant,冗余约束 - 添加额外有效不等式,6.0,0.347,optimal,False,False,False,False,2,221,1165,6.0,0.0,1,0.3333,1,0.0,0.0,6.0,True,correct_optimal,
E4_5_variants,Petersen,famous,TINY,10,15,v7_no_preprocessing,无预处理 - 最小约束集,6.0,0.347,optimal,False,False,False,False,2,221,1165,6.0,0.0,1,0.3333,1,0.0,0.0,6.0,True,correct_optimal,
E4_5_variants,Pmin,famous,TINY,9,12,v1_baseline,基线编码 - 基础ILP约束,5.0,0.15,optimal,False,False,False,False,2,181,867,5.0,0.0,1,0.3333,1,0.0,0.0,5.0,True,correct_optimal,
E4_5_variants,Pmin,famous,TINY,9,12,v2_explicit_transitivity,显式传递性 - 添加传递性约束,5.0,0.081,optimal,False,False,False,False,2,181,951,5.0,0.0,1,0.3333,1,0.0,0.0,5.0,True,correct_optimal,
E4_5_variants,Pmin,famous,TINY,9,12,v3_tight_bounds,更紧边界 - 增强邻居约束,5.0,0.149,optimal,False,False,False,False,2,181,876,5.0,0.0,1,0.3333,1,0.0,0.0,5.0,True,correct_optimal,
E4_5_variants,Pmin,famous,TINY,9,12,v4_with_symmetry,对称性破缺 - 减少对称解,5.0,0.131,optimal,False,False,False,False,2,181,987,5.0,0.0,1,0.3333,1,0.0,0.0,5.0,True,correct_optimal,
E4_5_variants,Pmin,famous,TINY,9,12,v5_enhanced_constraints,增强约束 - 组合多种改进,5.0,0.079,optimal,False,False,False,False,2,181,996,5.0,0.0,1,0.3333,1,0.0,0.0,5.0,True,correct_optimal,
E4_5_variants,Pmin,famous,TINY,9,12,v6_with_redundant,冗余约束 - 添加额外有效不等式,5.0,0.15,optimal,False,False,False,False,2,181,867,5.0,0.0,1,0.3333,1,0.0,0.0,5.0,True,correct_optimal,
E4_5_variants,Pmin,famous,TINY,9,12,v7_no_preprocessing,无预处理 - 最小约束集,5.0,0.149,optimal,False,False,False,False,2,181,867,5.0,0.0,1,0.3333,1,0.0,0.0,5.0,True,correct_optimal,
E4_5_variants,Poussin,famous,SMALL,15,39,v1_baseline,基线编码 - 基础ILP约束,9.0,13.557,optimal,False,False,False,False,2,481,3714,9.0,0.0,5413,0.3714,1,0.0,0.0,9.0,True,correct_optimal,
E4_5_variants,Poussin,famous,SMALL,15,39,v2_explicit_transitivity,显式传递性 - 添加传递性约束,9.0,9.325,optimal,False,False,False,False,2,481,3948,9.0,0.0,3071,0.3714,1,0.0,0.0,9.0,True,correct_optimal,
E4_5_variants,Poussin,famous,SMALL,15,39,v3_tight_bounds,更紧边界 - 增强邻居约束,9.0,10.544,optimal,False,False,False,False,2,481,3729,9.0,0.0,3171,0.3714,1,0.0,0.0,9.0,True,correct_optimal,
E4_5_variants,Poussin,famous,SMALL,15,39,v4_with_symmetry,对称性破缺 - 减少对称解,9.0,5.227,optimal,False,False,False,False,2,481,4053,9.0,0.0,2771,0.3714,1,0.0,0.0,9.0,True,correct_optimal,
E4_5_variants,Poussin,famous,SMALL,15,39,v5_enhanced_constraints,增强约束 - 组合多种改进,9.0,5.89,optimal,False,False,False,False,2,481,4068,9.0,0.0,3571,0.3714,1,0.0,0.0,9.0,True,correct_optimal,
E4_5_variants,Poussin,famous,SMALL,15,39,v6_with_redundant,冗余约束 - 添加额外有效不等式,9.0,13.473,optimal,False,False,False,False,2,481,3714,9.0,0.0,5413,0.3714,1,0.0,0.0,9.0,True,correct_optimal,
E4_5_variants,Poussin,famous,SMALL,15,39,v7_no_preprocessing,无预处理 - 最小约束集,9.0,13.278,optimal,False,False,False,False,2,481,3714,9.0,0.0,5413,0.3714,1,0.0,0.0,9.0,True,correct_optimal,
E4_5_variants,Prism,famous,TINY,6,9,v1_baseline,基线编码 - 基础ILP约束,5.0,0.036,optimal,False,False,False,False,2,85,291,5.0,0.0,1,0.6,1,0.0,0.0,5.0,True,correct_optimal,
E4_5_variants,Prism,famous,TINY,6,9,v2_explicit_transitivity,显式传递性 - 添加传递性约束,5.0,0.029,optimal,False,False,False,False,2,85,327,5.0,0.0,1,0.6,1,0.0,0.0,5.0,True,correct_optimal,
E4_5_variants,Prism,famous,TINY,6,9,v3_tight_bounds,更紧边界 - 增强邻居约束,5.0,0.035,optimal,False,False,False,False,2,85,297,5.0,0.0,1,0.6,1,0.0,0.0,5.0,True,correct_optimal,
E4_5_variants,Prism,famous,TINY,6,9,v4_with_symmetry,对称性破缺 - 减少对称解,5.0,0.027,optimal,False,False,False,False,2,85,342,5.0,0.0,1,0.6,1,0.0,0.0,5.0,True,correct_optimal,
E4_5_variants,Prism,famous,TINY,6,9,v5_enhanced_constraints,增强约束 - 组合多种改进,5.0,0.032,optimal,False,False,False,False,2,85,348,5.0,0.0,1,0.6,1,0.0,0.0,5.0,True,correct_optimal,
E4_5_variants,Prism,famous,TINY,6,9,v6_with_redundant,冗余约束 - 添加额外有效不等式,5.0,0.036,optimal,False,False,False,False,2,85,291,5.0,0.0,1,0.6,1,0.0,0.0,5.0,True,correct_optimal,
E4_5_variants,Prism,famous,TINY,6,9,v7_no_preprocessing,无预处理 - 最小约束集,5.0,0.041,optimal,False,False,False,False,2,85,291,5.0,0.0,1,0.6,1,0.0,0.0,5.0,True,correct_optimal,
E4_5_variants,Robertson,famous,SMALL,19,38,v1_baseline,基线编码 - 基础ILP约束,10.0,62.177,optimal,False,False,False,False,2,761,7353,10.0,0.0,10622,0.2222,1,0.0,0.0,10.0,True,correct_optimal,
E4_5_variants,Robertson,famous,SMALL,19,38,v2_explicit_transitivity,显式传递性 - 添加传递性约束,10.0,79.059,optimal,False,False,False,False,2,761,7727,10.0,0.0,19255,0.2222,1,0.0,0.0,10.0,True,correct_optimal,
E4_5_variants,Robertson,famous,SMALL,19,38,v3_tight_bounds,更紧边界 - 增强邻居约束,10.0,55.16,optimal,False,False,False,False,2,761,7372,10.0,0.0,10130,0.2222,1,0.0,0.0,10.0,True,correct_optimal,
E4_5_variants,Robertson,famous,SMALL,19,38,v4_with_symmetry,对称性破缺 - 减少对称解,10.0,80.371,optimal,False,False,False,False,2,761,7898,10.0,0.0,18505,0.2222,1,0.0,0.0,10.0,True,correct_optimal,
E4_5_variants,Robertson,famous,SMALL,19,38,v5_enhanced_constraints,增强约束 - 组合多种改进,10.0,80.475,optimal,False,False,False,False,2,761,7917,10.0,0.0,18621,0.2222,1,0.0,0.0,10.0,True,correct_optimal,
E4_5_variants,Robertson,famous,SMALL,19,38,v6_with_redundant,冗余约束 - 添加额外有效不等式,10.0,62.447,optimal,False,False,False,False,2,761,7353,10.0,0.0,10622,0.2222,1,0.0,0.0,10.0,True,correct_optimal,
E4_5_variants,Robertson,famous,SMALL,19,38,v7_no_preprocessing,无预处理 - 最小约束集,10.0,62.193,optimal,False,False,False,False,2,761,7353,10.0,0.0,10622,0.2222,1,0.0,0.0,10.0,True,correct_optimal,
E4_5_variants,Shrikhande,famous,SMALL,16,48,v1_baseline,基线编码 - 基础ILP约束,11.0,30.799,optimal,False,False,False,False,2,545,4480,11.0,0.0,6825,0.4,1,0.0,0.0,11.0,True,correct_optimal,
E4_5_variants,Shrikhande,famous,SMALL,16,48,v2_explicit_transitivity,显式传递性 - 添加传递性约束,11.0,32.922,optimal,False,False,False,False,2,545,4746,11.0,0.0,7875,0.4,1,0.0,0.0,11.0,True,correct_optimal,
E4_5_variants,Shrikhande,famous,SMALL,16,48,v3_tight_bounds,更紧边界 - 增强邻居约束,11.0,32.619,optimal,False,False,False,False,2,545,4496,11.0,0.0,6971,0.4,1,0.0,0.0,11.0,True,correct_optimal,
E4_5_variants,Shrikhande,famous,SMALL,16,48,v4_with_symmetry,对称性破缺 - 减少对称解,11.0,31.283,optimal,False,False,False,False,2,545,4866,11.0,0.0,7037,0.4,1,0.0,0.0,11.0,True,correct_optimal,
E4_5_variants,Shrikhande,famous,SMALL,16,48,v5_enhanced_constraints,增强约束 - 组合多种改进,11.0,28.216,optimal,False,False,False,False,2,545,4882,11.0,0.0,5698,0.4,1,0.0,0.0,11.0,True,correct_optimal,
E4_5_variants,Shrikhande,famous,SMALL,16,48,v6_with_redundant,冗余约束 - 添加额外有效不等式,11.0,30.497,optimal,False,False,False,False,2,545,4480,11.0,0.0,6825,0.4,1,0.0,0.0,11.0,True,correct_optimal,
E4_5_variants,Shrikhande,famous,SMALL,16,48,v7_no_preprocessing,无预处理 - 最小约束集,11.0,30.324,optimal,False,False,False,False,2,545,4480,11.0,0.0,6825,0.4,1,0.0,0.0,11.0,True,correct_optimal,
E4_5_variants,Sousselier,famous,SMALL,16,27,v1_baseline,基线编码 - 基础ILP约束,8.0,9.052,optimal,False,False,False,False,2,545,4459,8.0,0.0,7132,0.225,1,0.0,0.0,8.0,True,correct_optimal,
E4_5_variants,Sousselier,famous,SMALL,16,27,v2_explicit_transitivity,显式传递性 - 添加传递性约束,8.0,12.781,optimal,False,False,False,False,2,545,4725,8.0,0.0,12627,0.225,1,0.0,0.0,8.0,True,correct_optimal,
E4_5_variants,Sousselier,famous,SMALL,16,27,v3_tight_bounds,更紧边界 - 增强邻居约束,8.0,11.632,optimal,False,False,False,False,2,545,4475,8.0,0.0,7456,0.225,1,0.0,0.0,8.0,True,correct_optimal,
E4_5_variants,Sousselier,famous,SMALL,16,27,v4_with_symmetry,对称性破缺 - 减少对称解,8.0,6.973,optimal,False,False,False,False,2,545,4845,8.0,0.0,4843,0.225,1,0.0,0.0,8.0,True,correct_optimal,
E4_5_variants,Sousselier,famous,SMALL,16,27,v5_enhanced_constraints,增强约束 - 组合多种改进,8.0,7.322,optimal,False,False,False,False,2,545,4861,8.0,0.0,4489,0.225,1,0.0,0.0,8.0,True,correct_optimal,
E4_5_variants,Sousselier,famous,SMALL,16,27,v6_with_redundant,冗余约束 - 添加额外有效不等式,8.0,9.175,optimal,False,False,False,False,2,545,4459,8.0,0.0,7132,0.225,1,0.0,0.0,8.0,True,correct_optimal,
E4_5_variants,Sousselier,famous,SMALL,16,27,v7_no_preprocessing,无预处理 - 最小约束集,8.0,9.169,optimal,False,False,False,False,2,545,4459,8.0,0.0,7132,0.225,1,0.0,0.0,8.0,True,correct_optimal,
E4_5_variants,Tietze,famous,SMALL,12,18,v1_baseline,基线编码 - 基础ILP约束,7.0,1.387,optimal,False,False,False,False,2,313,1950,7.0,0.0,1750,0.2727,1,0.0,0.0,7.0,True,correct_optimal,
E4_5_variants,Tietze,famous,SMALL,12,18,v2_explicit_transitivity,显式传递性 - 添加传递性约束,7.0,2.038,optimal,False,False,False,False,2,313,2100,7.0,0.0,2196,0.2727,1,0.0,0.0,7.0,True,correct_optimal,
E4_5_variants,Tietze,famous,SMALL,12,18,v3_tight_bounds,更紧边界 - 增强邻居约束,7.0,1.371,optimal,False,False,False,False,2,313,1962,7.0,0.0,1573,0.2727,1,0.0,0.0,7.0,True,correct_optimal,
E4_5_variants,Tietze,famous,SMALL,12,18,v4_with_symmetry,对称性破缺 - 减少对称解,7.0,1.437,optimal,False,False,False,False,2,313,2166,7.0,0.0,2002,0.2727,1,0.0,0.0,7.0,True,correct_optimal,
E4_5_variants,Tietze,famous,SMALL,12,18,v5_enhanced_constraints,增强约束 - 组合多种改进,7.0,1.595,optimal,False,False,False,False,2,313,2178,7.0,0.0,2003,0.2727,1,0.0,0.0,7.0,True,correct_optimal,
E4_5_variants,Tietze,famous,SMALL,12,18,v6_with_redundant,冗余约束 - 添加额外有效不等式,7.0,1.314,optimal,False,False,False,False,2,313,1950,7.0,0.0,1750,0.2727,1,0.0,0.0,7.0,True,correct_optimal,
E4_5_variants,Tietze,famous,SMALL,12,18,v7_no_preprocessing,无预处理 - 最小约束集,7.0,1.31,optimal,False,False,False,False,2,313,1950,7.0,0.0,1750,0.2727,1,0.0,0.0,7.0,True,correct_optimal,
E4_5_variants,Wagner,famous,TINY,8,12,v1_baseline,基线编码 - 基础ILP约束,6.0,0.11,optimal,False,False,False,False,2,145,628,6.0,0.0,1,0.4286,1,0.0,0.0,6.0,True,correct_optimal,
E4_5_variants,Wagner,famous,TINY,8,12,v2_explicit_transitivity,显式传递性 - 添加传递性约束,6.0,0.143,optimal,False,False,False,False,2,145,694,6.0,0.0,1,0.4286,1,0.0,0.0,6.0,True,correct_optimal,
E4_5_variants,Wagner,famous,TINY,8,12,v3_tight_bounds,更紧边界 - 增强邻居约束,6.0,0.111,optimal,False,False,False,False,2,145,636,6.0,0.0,1,0.4286,1,0.0,0.0,6.0,True,correct_optimal,
E4_5_variants,Wagner,famous,TINY,8,12,v4_with_symmetry,对称性破缺 - 减少对称解,6.0,0.118,optimal,False,False,False,False,2,145,722,6.0,0.0,1,0.4286,1,0.0,0.0,6.0,True,correct_optimal,
E4_5_variants,Wagner,famous,TINY,8,12,v5_enhanced_constraints,增强约束 - 组合多种改进,6.0,0.104,optimal,False,False,False,False,2,145,730,6.0,0.0,1,0.4286,1,0.0,0.0,6.0,True,correct_optimal,
E4_5_variants,Wagner,famous,TINY,8,12,v6_with_redundant,冗余约束 - 添加额外有效不等式,6.0,0.117,optimal,False,False,False,False,2,145,628,6.0,0.0,1,0.4286,1,0.0,0.0,6.0,True,correct_optimal,
E4_5_variants,Wagner,famous,TINY,8,12,v7_no_preprocessing,无预处理 - 最小约束集,6.0,0.116,optimal,False,False,False,False,2,145,628,6.0,0.0,1,0.4286,1,0.0,0.0,6.0,True,correct_optimal,
E4_5_variants,Watsin,famous,LARGE,50,75,v1_baseline,基线编码 - 基础ILP约束,,121.296,failed,True,False,False,False,2,0,0,,0.0,0,0.0612,1,0.0,0.0,,,no_golden_standard,
E4_5_variants,Watsin,famous,LARGE,50,75,v2_explicit_transitivity,显式传递性 - 添加传递性约束,,121.353,failed,True,False,False,False,2,0,0,,0.0,0,0.0612,1,0.0,0.0,,,no_golden_standard,
E4_5_variants,Watsin,famous,LARGE,50,75,v3_tight_bounds,更紧边界 - 增强邻居约束,,121.391,failed,True,False,False,False,2,0,0,,0.0,0,0.0612,1,0.0,0.0,,,no_golden_standard,
E4_5_variants,Watsin,famous,LARGE,50,75,v4_with_symmetry,对称性破缺 - 减少对称解,,121.403,failed,True,False,False,False,2,0,0,,0.0,0,0.0612,1,0.0,0.0,,,no_golden_standard,
E4_5_variants,Watsin,famous,LARGE,50,75,v5_enhanced_constraints,增强约束 - 组合多种改进,,121.357,failed,True,False,False,False,2,0,0,,0.0,0,0.0612,1,0.0,0.0,,,no_golden_standard,
E4_5_variants,Watsin,famous,LARGE,50,75,v6_with_redundant,冗余约束 - 添加额外有效不等式,,121.317,failed,True,False,False,False,2,0,0,,0.0,0,0.0612,1,0.0,0.0,,,no_golden_standard,
E4_5_variants,Watsin,famous,LARGE,50,75,v7_no_preprocessing,无预处理 - 最小约束集,,121.37,failed,True,False,False,False,2,0,0,,0.0,0,0.0612,1,0.0,0.0,,,no_golden_standard,
E4_5_variants,3x3-grid,standard,TINY,9,12,v1_baseline,基线编码 - 基础ILP约束,5.0,0.132,optimal,False,False,False,False,2,181,867,5.0,0.0,1,0.3333,1,0.0,0.0,5.0,True,correct_optimal,
E4_5_variants,3x3-grid,standard,TINY,9,12,v2_explicit_transitivity,显式传递性 - 添加传递性约束,5.0,0.13,optimal,False,False,False,False,2,181,951,5.0,0.0,1,0.3333,1,0.0,0.0,5.0,True,correct_optimal,
E4_5_variants,3x3-grid,standard,TINY,9,12,v3_tight_bounds,更紧边界 - 增强邻居约束,5.0,0.119,optimal,False,False,False,False,2,181,876,5.0,0.0,1,0.3333,1,0.0,0.0,5.0,True,correct_optimal,
E4_5_variants,3x3-grid,standard,TINY,9,12,v4_with_symmetry,对称性破缺 - 减少对称解,5.0,0.112,optimal,False,False,False,False,2,181,987,5.0,0.0,1,0.3333,1,0.0,0.0,5.0,True,correct_optimal,
E4_5_variants,3x3-grid,standard,TINY,9,12,v5_enhanced_constraints,增强约束 - 组合多种改进,5.0,0.067,optimal,False,False,False,False,2,181,996,5.0,0.0,1,0.3333,1,0.0,0.0,5.0,True,correct_optimal,
E4_5_variants,3x3-grid,standard,TINY,9,12,v6_with_redundant,冗余约束 - 添加额外有效不等式,5.0,0.118,optimal,False,False,False,False,2,181,867,5.0,0.0,1,0.3333,1,0.0,0.0,5.0,True,correct_optimal,
E4_5_variants,3x3-grid,standard,TINY,9,12,v7_no_preprocessing,无预处理 - 最小约束集,5.0,0.12,optimal,False,False,False,False,2,181,867,5.0,0.0,1,0.3333,1,0.0,0.0,5.0,True,correct_optimal,
E4_5_variants,4x4-grid,standard,SMALL,16,24,v1_baseline,基线编码 - 基础ILP约束,7.0,7.164,optimal,False,False,False,False,2,545,4456,7.0,0.0,5983,0.2,1,0.0,0.0,7.0,True,correct_optimal,
E4_5_variants,4x4-grid,standard,SMALL,16,24,v2_explicit_transitivity,显式传递性 - 添加传递性约束,7.0,10.851,optimal,False,False,False,False,2,545,4722,7.0,0.0,4248,0.2,1,0.0,0.0,7.0,True,correct_optimal,
E4_5_variants,4x4-grid,standard,SMALL,16,24,v3_tight_bounds,更紧边界 - 增强邻居约束,7.0,7.189,optimal,False,False,False,False,2,545,4472,7.0,0.0,6448,0.2,1,0.0,0.0,7.0,True,correct_optimal,
E4_5_variants,4x4-grid,standard,SMALL,16,24,v4_with_symmetry,对称性破缺 - 减少对称解,7.0,8.259,optimal,False,False,False,False,2,545,4842,7.0,0.0,2734,0.2,1,0.0,0.0,7.0,True,correct_optimal,
E4_5_variants,4x4-grid,standard,SMALL,16,24,v5_enhanced_constraints,增强约束 - 组合多种改进,7.0,8.73,optimal,False,False,False,False,2,545,4858,7.0,0.0,8318,0.2,1,0.0,0.0,7.0,True,correct_optimal,
E4_5_variants,4x4-grid,standard,SMALL,16,24,v6_with_redundant,冗余约束 - 添加额外有效不等式,7.0,6.407,optimal,False,False,False,False,2,545,4456,7.0,0.0,5983,0.2,1,0.0,0.0,7.0,True,correct_optimal,
E4_5_variants,4x4-grid,standard,SMALL,16,24,v7_no_preprocessing,无预处理 - 最小约束集,7.0,6.383,optimal,False,False,False,False,2,545,4456,7.0,0.0,5983,0.2,1,0.0,0.0,7.0,True,correct_optimal,
