experiment,instance,dataset,size_category,n,m,component_config,config_description,treedepth,time,status,timeout,preprocessing_enabled,mipstart_enabled,lazy_constraints_enabled,gurobi_presolve,encoding_variant,problem_variables,problem_constraints,gurobi_objval,gurobi_mip_gap,gurobi_node_count,graph_density,graph_components,preprocessing_reduction,memory_usage_mb,golden_standard,is_correct,validation_status,error_type
E4_4_components,Brinkmann,famous,MEDIUM,21,42,baseline,基线配置(全部启用),12.0,120.101,timeout,True,False,True,True,2,v1_baseline,925,1869,12.0,0.4166666666666667,61736,0.2,1,0.0,0.0,11.0,False,error,timeout_not_optimal
E4_4_components,Brinkmann,famous,MEDIUM,21,42,no_mipstart,禁用MIPStart,15.0,120.103,timeout,True,False,False,True,2,v1_baseline,925,1869,15.0,0.5333333333333333,73943,0.2,1,0.0,0.0,11.0,False,error,timeout_not_optimal
E4_4_components,Brinkmann,famous,MEDIUM,21,42,no_lazy,禁用Lazy约束,12.0,120.176,timeout,True,False,True,False,2,v1_baseline,925,9849,12.0,0.4166666666666667,12327,0.2,1,0.0,0.0,11.0,False,error,timeout_not_optimal
E4_4_components,Brinkmann,famous,MEDIUM,21,42,no_gurobi_presolve,禁用Gurobi预处理,13.0,120.118,timeout,True,False,True,True,0,v1_baseline,925,1869,13.0,0.46153846153846156,57965,0.2,1,0.0,0.0,11.0,False,error,timeout_not_optimal
E4_4_components,Brinkmann,famous,MEDIUM,21,42,minimal,最小配置(全部禁用),11.0,120.146,timeout,True,False,False,False,0,v1_baseline,925,9849,11.0,0.2727272727272727,18750,0.2,1,0.0,0.0,11.0,False,error,timeout_not_optimal
E4_4_components,Brinkmann,famous,MEDIUM,21,42,mipstart_only,仅MIPStart,11.0,120.183,timeout,True,False,True,False,0,v1_baseline,925,9849,11.0,0.36363636363636365,13254,0.2,1,0.0,0.0,11.0,False,error,timeout_not_optimal
E4_4_components,Brinkmann,famous,MEDIUM,21,42,lazy_only,仅Lazy约束,12.0,120.118,timeout,True,False,False,True,0,v1_baseline,925,1869,12.0,0.4166666666666667,124066,0.2,1,0.0,0.0,11.0,False,error,timeout_not_optimal
E4_4_components,Brinkmann,famous,MEDIUM,21,42,presolve_only,仅Gurobi预处理,11.0,120.151,timeout,True,False,False,False,2,v1_baseline,925,9849,11.0,0.36363636363636365,16139,0.2,1,0.0,0.0,11.0,False,error,timeout_not_optimal
E4_4_components,Bull,famous,TINY,5,5,baseline,基线配置(全部启用),3.0,0.006,optimal,False,False,True,True,2,v1_baseline,61,120,3.0,0.0,1,0.5,1,0.0,0.0,3.0,True,correct_optimal,
E4_4_components,Bull,famous,TINY,5,5,no_mipstart,禁用MIPStart,3.0,0.007,optimal,False,False,False,True,2,v1_baseline,61,120,3.0,0.0,1,0.5,1,0.0,0.0,3.0,True,correct_optimal,
E4_4_components,Bull,famous,TINY,5,5,no_lazy,禁用Lazy约束,3.0,0.007,optimal,False,False,True,False,2,v1_baseline,61,180,3.0,0.0,1,0.5,1,0.0,0.0,3.0,True,correct_optimal,
E4_4_components,Bull,famous,TINY,5,5,no_gurobi_presolve,禁用Gurobi预处理,3.0,0.003,optimal,False,False,True,True,0,v1_baseline,61,120,3.0,0.0,1,0.5,1,0.0,0.0,3.0,True,correct_optimal,
E4_4_components,Bull,famous,TINY,5,5,minimal,最小配置(全部禁用),3.0,0.007,optimal,False,False,False,False,0,v1_baseline,61,180,3.0,0.0,1,0.5,1,0.0,0.0,3.0,True,correct_optimal,
E4_4_components,Bull,famous,TINY,5,5,mipstart_only,仅MIPStart,3.0,0.004,optimal,False,False,True,False,0,v1_baseline,61,180,3.0,0.0,1,0.5,1,0.0,0.0,3.0,True,correct_optimal,
E4_4_components,Bull,famous,TINY,5,5,lazy_only,仅Lazy约束,3.0,0.005,optimal,False,False,False,True,0,v1_baseline,61,120,3.0,0.0,1,0.5,1,0.0,0.0,3.0,True,correct_optimal,
E4_4_components,Bull,famous,TINY,5,5,presolve_only,仅Gurobi预处理,3.0,0.008,optimal,False,False,False,False,2,v1_baseline,61,180,3.0,0.0,1,0.5,1,0.0,0.0,3.0,True,correct_optimal,
E4_4_components,Butterfly,famous,TINY,5,6,baseline,基线配置(全部启用),3.0,0.006,optimal,False,False,True,True,2,v1_baseline,61,121,3.0,0.0,1,0.6,1,0.0,0.0,3.0,True,correct_optimal,
E4_4_components,Butterfly,famous,TINY,5,6,no_mipstart,禁用MIPStart,3.0,0.005,optimal,False,False,False,True,2,v1_baseline,61,121,3.0,0.0,1,0.6,1,0.0,0.0,3.0,True,correct_optimal,
E4_4_components,Butterfly,famous,TINY,5,6,no_lazy,禁用Lazy约束,3.0,0.007,optimal,False,False,True,False,2,v1_baseline,61,181,3.0,0.0,1,0.6,1,0.0,0.0,3.0,True,correct_optimal,
E4_4_components,Butterfly,famous,TINY,5,6,no_gurobi_presolve,禁用Gurobi预处理,3.0,0.003,optimal,False,False,True,True,0,v1_baseline,61,121,3.0,0.0,1,0.6,1,0.0,0.0,3.0,True,correct_optimal,
E4_4_components,Butterfly,famous,TINY,5,6,minimal,最小配置(全部禁用),3.0,0.003,optimal,False,False,False,False,0,v1_baseline,61,181,3.0,0.0,1,0.6,1,0.0,0.0,3.0,True,correct_optimal,
E4_4_components,Butterfly,famous,TINY,5,6,mipstart_only,仅MIPStart,3.0,0.004,optimal,False,False,True,False,0,v1_baseline,61,181,3.0,0.0,1,0.6,1,0.0,0.0,3.0,True,correct_optimal,
E4_4_components,Butterfly,famous,TINY,5,6,lazy_only,仅Lazy约束,3.0,0.003,optimal,False,False,False,True,0,v1_baseline,61,121,3.0,0.0,1,0.6,1,0.0,0.0,3.0,True,correct_optimal,
E4_4_components,Butterfly,famous,TINY,5,6,presolve_only,仅Gurobi预处理,3.0,0.006,optimal,False,False,False,False,2,v1_baseline,61,181,3.0,0.0,1,0.6,1,0.0,0.0,3.0,True,correct_optimal,
E4_4_components,Chvatal,famous,SMALL,12,24,baseline,基线配置(全部启用),8.0,4.035,optimal,False,False,True,True,2,v1_baseline,313,636,8.0,0.0,4821,0.3636,1,0.0,0.0,8.0,True,correct_optimal,
E4_4_components,Chvatal,famous,SMALL,12,24,no_mipstart,禁用MIPStart,8.0,2.722,optimal,False,False,False,True,2,v1_baseline,313,636,8.0,0.0,3728,0.3636,1,0.0,0.0,8.0,True,correct_optimal,
E4_4_components,Chvatal,famous,SMALL,12,24,no_lazy,禁用Lazy约束,8.0,1.679,optimal,False,False,True,False,2,v1_baseline,313,1956,8.0,0.0,430,0.3636,1,0.0,0.0,8.0,True,correct_optimal,
E4_4_components,Chvatal,famous,SMALL,12,24,no_gurobi_presolve,禁用Gurobi预处理,8.0,3.831,optimal,False,False,True,True,0,v1_baseline,313,636,8.0,0.0,3802,0.3636,1,0.0,0.0,8.0,True,correct_optimal,
E4_4_components,Chvatal,famous,SMALL,12,24,minimal,最小配置(全部禁用),8.0,1.591,optimal,False,False,False,False,0,v1_baseline,313,1956,8.0,0.0,784,0.3636,1,0.0,0.0,8.0,True,correct_optimal,
E4_4_components,Chvatal,famous,SMALL,12,24,mipstart_only,仅MIPStart,8.0,2.032,optimal,False,False,True,False,0,v1_baseline,313,1956,8.0,0.0,909,0.3636,1,0.0,0.0,8.0,True,correct_optimal,
E4_4_components,Chvatal,famous,SMALL,12,24,lazy_only,仅Lazy约束,8.0,1.802,optimal,False,False,False,True,0,v1_baseline,313,636,8.0,0.0,3044,0.3636,1,0.0,0.0,8.0,True,correct_optimal,
E4_4_components,Chvatal,famous,SMALL,12,24,presolve_only,仅Gurobi预处理,8.0,1.618,optimal,False,False,False,False,2,v1_baseline,313,1956,8.0,0.0,467,0.3636,1,0.0,0.0,8.0,True,correct_optimal,
E4_4_components,Clebsch,famous,SMALL,16,40,baseline,基线配置(全部启用),10.0,24.244,optimal,False,False,True,True,2,v1_baseline,545,1112,10.0,0.0,8003,0.3333,1,0.0,0.0,10.0,True,correct_optimal,
E4_4_components,Clebsch,famous,SMALL,16,40,no_mipstart,禁用MIPStart,10.0,28.161,optimal,False,False,False,True,2,v1_baseline,545,1112,10.0,0.0,22479,0.3333,1,0.0,0.0,10.0,True,correct_optimal,
E4_4_components,Clebsch,famous,SMALL,16,40,no_lazy,禁用Lazy约束,10.0,33.729,optimal,False,False,True,False,2,v1_baseline,545,4472,10.0,0.0,4675,0.3333,1,0.0,0.0,10.0,True,correct_optimal,
E4_4_components,Clebsch,famous,SMALL,16,40,no_gurobi_presolve,禁用Gurobi预处理,10.0,23.673,optimal,False,False,True,True,0,v1_baseline,545,1112,10.0,0.0,9906,0.3333,1,0.0,0.0,10.0,True,correct_optimal,
E4_4_components,Clebsch,famous,SMALL,16,40,minimal,最小配置(全部禁用),10.0,26.814,optimal,False,False,False,False,0,v1_baseline,545,4472,10.0,0.0,5207,0.3333,1,0.0,0.0,10.0,True,correct_optimal,
E4_4_components,Clebsch,famous,SMALL,16,40,mipstart_only,仅MIPStart,10.0,43.719,optimal,False,False,True,False,0,v1_baseline,545,4472,10.0,0.0,5701,0.3333,1,0.0,0.0,10.0,True,correct_optimal,
E4_4_components,Clebsch,famous,SMALL,16,40,lazy_only,仅Lazy约束,10.0,24.048,optimal,False,False,False,True,0,v1_baseline,545,1112,10.0,0.0,21341,0.3333,1,0.0,0.0,10.0,True,correct_optimal,
E4_4_components,Clebsch,famous,SMALL,16,40,presolve_only,仅Gurobi预处理,10.0,16.765,optimal,False,False,False,False,2,v1_baseline,545,4472,10.0,0.0,4333,0.3333,1,0.0,0.0,10.0,True,correct_optimal,
E4_4_components,Desargues,famous,SMALL,20,30,baseline,基线配置(全部启用),12.0,120.142,timeout,True,False,True,True,2,v1_baseline,841,1690,12.0,0.5833333333333334,107605,0.1579,1,0.0,0.0,9.0,False,error,timeout_not_optimal
E4_4_components,Desargues,famous,SMALL,20,30,no_mipstart,禁用MIPStart,10.0,120.14,timeout,True,False,False,True,2,v1_baseline,841,1690,10.0,0.5,161256,0.1579,1,0.0,0.0,9.0,False,error,timeout_not_optimal
E4_4_components,Desargues,famous,SMALL,20,30,no_lazy,禁用Lazy约束,10.0,120.162,timeout,True,False,True,False,2,v1_baseline,841,8530,10.0,0.5,25960,0.1579,1,0.0,0.0,9.0,False,error,timeout_not_optimal
E4_4_components,Desargues,famous,SMALL,20,30,no_gurobi_presolve,禁用Gurobi预处理,10.0,120.114,timeout,True,False,True,True,0,v1_baseline,841,1690,10.0,0.5,87116,0.1579,1,0.0,0.0,9.0,False,error,timeout_not_optimal
E4_4_components,Desargues,famous,SMALL,20,30,minimal,最小配置(全部禁用),9.0,120.14,timeout,True,False,False,False,0,v1_baseline,841,8530,9.0,0.3333333333333333,60406,0.1579,1,0.0,0.0,9.0,False,error,timeout_not_optimal
E4_4_components,Desargues,famous,SMALL,20,30,mipstart_only,仅MIPStart,9.0,120.194,timeout,True,False,True,False,0,v1_baseline,841,8530,9.0,0.3333333333333333,31593,0.1579,1,0.0,0.0,9.0,False,error,timeout_not_optimal
E4_4_components,Desargues,famous,SMALL,20,30,lazy_only,仅Lazy约束,12.0,120.149,timeout,True,False,False,True,0,v1_baseline,841,1690,12.0,0.5833333333333334,178731,0.1579,1,0.0,0.0,9.0,False,error,timeout_not_optimal
E4_4_components,Desargues,famous,SMALL,20,30,presolve_only,仅Gurobi预处理,10.0,120.153,timeout,True,False,False,False,2,v1_baseline,841,8530,10.0,0.5,67320,0.1579,1,0.0,0.0,9.0,False,error,timeout_not_optimal
E4_4_components,Diamond,famous,TINY,4,5,baseline,基线配置(全部启用),3.0,0.005,optimal,False,False,True,True,2,v1_baseline,41,81,3.0,0.0,1,0.8333,1,0.0,0.0,3.0,True,correct_optimal,
E4_4_components,Diamond,famous,TINY,4,5,no_mipstart,禁用MIPStart,3.0,0.004,optimal,False,False,False,True,2,v1_baseline,41,81,3.0,0.0,1,0.8333,1,0.0,0.0,3.0,True,correct_optimal,
E4_4_components,Diamond,famous,TINY,4,5,no_lazy,禁用Lazy约束,3.0,0.006,optimal,False,False,True,False,2,v1_baseline,41,105,3.0,0.0,1,0.8333,1,0.0,0.0,3.0,True,correct_optimal,
E4_4_components,Diamond,famous,TINY,4,5,no_gurobi_presolve,禁用Gurobi预处理,3.0,0.002,optimal,False,False,True,True,0,v1_baseline,41,81,3.0,0.0,1,0.8333,1,0.0,0.0,3.0,True,correct_optimal,
E4_4_components,Diamond,famous,TINY,4,5,minimal,最小配置(全部禁用),3.0,0.003,optimal,False,False,False,False,0,v1_baseline,41,105,3.0,0.0,1,0.8333,1,0.0,0.0,3.0,True,correct_optimal,
E4_4_components,Diamond,famous,TINY,4,5,mipstart_only,仅MIPStart,3.0,0.003,optimal,False,False,True,False,0,v1_baseline,41,105,3.0,0.0,1,0.8333,1,0.0,0.0,3.0,True,correct_optimal,
E4_4_components,Diamond,famous,TINY,4,5,lazy_only,仅Lazy约束,3.0,0.002,optimal,False,False,False,True,0,v1_baseline,41,81,3.0,0.0,1,0.8333,1,0.0,0.0,3.0,True,correct_optimal,
E4_4_components,Diamond,famous,TINY,4,5,presolve_only,仅Gurobi预处理,3.0,0.004,optimal,False,False,False,False,2,v1_baseline,41,105,3.0,0.0,1,0.8333,1,0.0,0.0,3.0,True,correct_optimal,
E4_4_components,Dodecahedron,famous,SMALL,20,30,baseline,基线配置(全部启用),10.0,120.111,timeout,True,False,True,True,2,v1_baseline,841,1690,10.0,0.4,98128,0.1579,1,0.0,0.0,9.0,False,error,timeout_not_optimal
E4_4_components,Dodecahedron,famous,SMALL,20,30,no_mipstart,禁用MIPStart,10.0,120.143,timeout,True,False,False,True,2,v1_baseline,841,1690,10.0,0.4,156546,0.1579,1,0.0,0.0,9.0,False,error,timeout_not_optimal
E4_4_components,Dodecahedron,famous,SMALL,20,30,no_lazy,禁用Lazy约束,9.0,120.184,timeout,True,False,True,False,2,v1_baseline,841,8530,9.0,0.3333333333333333,34816,0.1579,1,0.0,0.0,9.0,False,error,timeout_not_optimal
E4_4_components,Dodecahedron,famous,SMALL,20,30,no_gurobi_presolve,禁用Gurobi预处理,11.0,120.134,timeout,True,False,True,True,0,v1_baseline,841,1690,11.0,0.45454545454545453,112843,0.1579,1,0.0,0.0,9.0,False,error,timeout_not_optimal
E4_4_components,Dodecahedron,famous,SMALL,20,30,minimal,最小配置(全部禁用),10.0,120.164,timeout,True,False,False,False,0,v1_baseline,841,8530,10.0,0.4,63926,0.1579,1,0.0,0.0,9.0,False,error,timeout_not_optimal
E4_4_components,Dodecahedron,famous,SMALL,20,30,mipstart_only,仅MIPStart,9.0,120.172,timeout,True,False,True,False,0,v1_baseline,841,8530,9.0,0.3333333333333333,37877,0.1579,1,0.0,0.0,9.0,False,error,timeout_not_optimal
E4_4_components,Dodecahedron,famous,SMALL,20,30,lazy_only,仅Lazy约束,10.0,120.139,timeout,True,False,False,True,0,v1_baseline,841,1690,10.0,0.3999999999999999,196008,0.1579,1,0.0,0.0,9.0,False,error,timeout_not_optimal
E4_4_components,Dodecahedron,famous,SMALL,20,30,presolve_only,仅Gurobi预处理,9.0,120.192,timeout,True,False,False,False,2,v1_baseline,841,8530,9.0,0.3333333333333333,66270,0.1579,1,0.0,0.0,9.0,False,error,timeout_not_optimal
E4_4_components,Durer,famous,SMALL,12,18,baseline,基线配置(全部启用),7.0,2.97,optimal,False,False,True,True,2,v1_baseline,313,630,7.0,0.0,3088,0.2727,1,0.0,0.0,7.0,True,correct_optimal,
E4_4_components,Durer,famous,SMALL,12,18,no_mipstart,禁用MIPStart,7.0,1.98,optimal,False,False,False,True,2,v1_baseline,313,630,7.0,0.0,3677,0.2727,1,0.0,0.0,7.0,True,correct_optimal,
E4_4_components,Durer,famous,SMALL,12,18,no_lazy,禁用Lazy约束,7.0,4.778,optimal,False,False,True,False,2,v1_baseline,313,1950,7.0,0.0,5384,0.2727,1,0.0,0.0,7.0,True,correct_optimal,
E4_4_components,Durer,famous,SMALL,12,18,no_gurobi_presolve,禁用Gurobi预处理,7.0,2.766,optimal,False,False,True,True,0,v1_baseline,313,630,7.0,0.0,3617,0.2727,1,0.0,0.0,7.0,True,correct_optimal,
E4_4_components,Durer,famous,SMALL,12,18,minimal,最小配置(全部禁用),7.0,2.84,optimal,False,False,False,False,0,v1_baseline,313,1950,7.0,0.0,4087,0.2727,1,0.0,0.0,7.0,True,correct_optimal,
E4_4_components,Durer,famous,SMALL,12,18,mipstart_only,仅MIPStart,7.0,3.475,optimal,False,False,True,False,0,v1_baseline,313,1950,7.0,0.0,3564,0.2727,1,0.0,0.0,7.0,True,correct_optimal,
E4_4_components,Durer,famous,SMALL,12,18,lazy_only,仅Lazy约束,7.0,1.922,optimal,False,False,False,True,0,v1_baseline,313,630,7.0,0.0,4091,0.2727,1,0.0,0.0,7.0,True,correct_optimal,
E4_4_components,Durer,famous,SMALL,12,18,presolve_only,仅Gurobi预处理,7.0,3.662,optimal,False,False,False,False,2,v1_baseline,313,1950,7.0,0.0,4910,0.2727,1,0.0,0.0,7.0,True,correct_optimal,
E4_4_components,Errera,famous,SMALL,17,45,baseline,基线配置(全部启用),10.0,120.078,timeout,True,False,True,True,2,v1_baseline,613,1252,10.0,0.2,78949,0.3309,1,0.0,0.0,10.0,False,error,timeout_not_optimal
E4_4_components,Errera,famous,SMALL,17,45,no_mipstart,禁用MIPStart,10.0,120.094,timeout,True,False,False,True,2,v1_baseline,613,1252,10.0,0.2,122414,0.3309,1,0.0,0.0,10.0,False,error,timeout_not_optimal
E4_4_components,Errera,famous,SMALL,17,45,no_lazy,禁用Lazy约束,10.0,44.403,optimal,False,False,True,False,2,v1_baseline,613,5332,10.0,0.0,5854,0.3309,1,0.0,0.0,10.0,True,correct_optimal,
E4_4_components,Errera,famous,SMALL,17,45,no_gurobi_presolve,禁用Gurobi预处理,10.0,120.072,timeout,True,False,True,True,0,v1_baseline,613,1252,10.0,0.1,56889,0.3309,1,0.0,0.0,10.0,False,error,timeout_not_optimal
E4_4_components,Errera,famous,SMALL,17,45,minimal,最小配置(全部禁用),10.0,28.378,optimal,False,False,False,False,0,v1_baseline,613,5332,10.0,0.0,6693,0.3309,1,0.0,0.0,10.0,True,correct_optimal,
E4_4_components,Errera,famous,SMALL,17,45,mipstart_only,仅MIPStart,10.0,40.749,optimal,False,False,True,False,0,v1_baseline,613,5332,10.0,0.0,7017,0.3309,1,0.0,0.0,10.0,True,correct_optimal,
E4_4_components,Errera,famous,SMALL,17,45,lazy_only,仅Lazy约束,10.0,120.074,timeout,True,False,False,True,0,v1_baseline,613,1252,10.0,0.2,124037,0.3309,1,0.0,0.0,10.0,False,error,timeout_not_optimal
E4_4_components,Errera,famous,SMALL,17,45,presolve_only,仅Gurobi预处理,10.0,28.98,optimal,False,False,False,False,2,v1_baseline,613,5332,10.0,0.0,7115,0.3309,1,0.0,0.0,10.0,True,correct_optimal,
E4_4_components,FlowerSnark,famous,SMALL,20,30,baseline,基线配置(全部启用),10.0,120.112,timeout,True,False,True,True,2,v1_baseline,841,1690,10.0,0.4,80307,0.1579,1,0.0,0.0,9.0,False,error,timeout_not_optimal
E4_4_components,FlowerSnark,famous,SMALL,20,30,no_mipstart,禁用MIPStart,10.0,120.145,timeout,True,False,False,True,2,v1_baseline,841,1690,10.0,0.4,151558,0.1579,1,0.0,0.0,9.0,False,error,timeout_not_optimal
E4_4_components,FlowerSnark,famous,SMALL,20,30,no_lazy,禁用Lazy约束,10.0,120.151,timeout,True,False,True,False,2,v1_baseline,841,8530,10.0,0.4,25535,0.1579,1,0.0,0.0,9.0,False,error,timeout_not_optimal
E4_4_components,FlowerSnark,famous,SMALL,20,30,no_gurobi_presolve,禁用Gurobi预处理,12.0,120.121,timeout,True,False,True,True,0,v1_baseline,841,1690,12.0,0.5833333333333334,93225,0.1579,1,0.0,0.0,9.0,False,error,timeout_not_optimal
E4_4_components,FlowerSnark,famous,SMALL,20,30,minimal,最小配置(全部禁用),10.0,120.156,timeout,True,False,False,False,0,v1_baseline,841,8530,10.0,0.4,57770,0.1579,1,0.0,0.0,9.0,False,error,timeout_not_optimal
E4_4_components,FlowerSnark,famous,SMALL,20,30,mipstart_only,仅MIPStart,9.0,120.164,timeout,True,False,True,False,0,v1_baseline,841,8530,9.0,0.3333333333333333,36151,0.1579,1,0.0,0.0,9.0,False,error,timeout_not_optimal
E4_4_components,FlowerSnark,famous,SMALL,20,30,lazy_only,仅Lazy约束,10.0,120.174,timeout,True,False,False,True,0,v1_baseline,841,1690,10.0,0.4,192129,0.1579,1,0.0,0.0,9.0,False,error,timeout_not_optimal
E4_4_components,FlowerSnark,famous,SMALL,20,30,presolve_only,仅Gurobi预处理,10.0,120.177,timeout,True,False,False,False,2,v1_baseline,841,8530,10.0,0.4,40469,0.1579,1,0.0,0.0,9.0,False,error,timeout_not_optimal
E4_4_components,Folkman,famous,SMALL,20,40,baseline,基线配置(全部启用),10.0,120.096,timeout,True,False,True,True,2,v1_baseline,841,1700,10.0,0.4,73436,0.2105,1,0.0,0.0,9.0,False,error,timeout_not_optimal
E4_4_components,Folkman,famous,SMALL,20,40,no_mipstart,禁用MIPStart,10.0,120.103,timeout,True,False,False,True,2,v1_baseline,841,1700,10.0,0.4,80354,0.2105,1,0.0,0.0,9.0,False,error,timeout_not_optimal
E4_4_components,Folkman,famous,SMALL,20,40,no_lazy,禁用Lazy约束,9.0,120.167,timeout,True,False,True,False,2,v1_baseline,841,8540,9.0,0.3333333333333333,20476,0.2105,1,0.0,0.0,9.0,False,error,timeout_not_optimal
E4_4_components,Folkman,famous,SMALL,20,40,no_gurobi_presolve,禁用Gurobi预处理,11.0,120.107,timeout,True,False,True,True,0,v1_baseline,841,1700,11.0,0.45454545454545453,73803,0.2105,1,0.0,0.0,9.0,False,error,timeout_not_optimal
E4_4_components,Folkman,famous,SMALL,20,40,minimal,最小配置(全部禁用),9.0,120.159,timeout,True,False,False,False,0,v1_baseline,841,8540,9.0,0.2222222222222222,29984,0.2105,1,0.0,0.0,9.0,False,error,timeout_not_optimal
E4_4_components,Folkman,famous,SMALL,20,40,mipstart_only,仅MIPStart,10.0,120.162,timeout,True,False,True,False,0,v1_baseline,841,8540,10.0,0.4,19465,0.2105,1,0.0,0.0,9.0,False,error,timeout_not_optimal
E4_4_components,Folkman,famous,SMALL,20,40,lazy_only,仅Lazy约束,11.0,120.107,timeout,True,False,False,True,0,v1_baseline,841,1700,11.0,0.45454545454545453,79472,0.2105,1,0.0,0.0,9.0,False,error,timeout_not_optimal
E4_4_components,Folkman,famous,SMALL,20,40,presolve_only,仅Gurobi预处理,10.0,120.137,timeout,True,False,False,False,2,v1_baseline,841,8540,10.0,0.4,27393,0.2105,1,0.0,0.0,9.0,False,error,timeout_not_optimal
E4_4_components,Franklin,famous,SMALL,12,18,baseline,基线配置(全部启用),7.0,4.076,optimal,False,False,True,True,2,v1_baseline,313,630,7.0,0.0,4375,0.2727,1,0.0,0.0,7.0,True,correct_optimal,
E4_4_components,Franklin,famous,SMALL,12,18,no_mipstart,禁用MIPStart,7.0,2.963,optimal,False,False,False,True,2,v1_baseline,313,630,7.0,0.0,4477,0.2727,1,0.0,0.0,7.0,True,correct_optimal,
E4_4_components,Franklin,famous,SMALL,12,18,no_lazy,禁用Lazy约束,7.0,3.202,optimal,False,False,True,False,2,v1_baseline,313,1950,7.0,0.0,3558,0.2727,1,0.0,0.0,7.0,True,correct_optimal,
E4_4_components,Franklin,famous,SMALL,12,18,no_gurobi_presolve,禁用Gurobi预处理,7.0,3.488,optimal,False,False,True,True,0,v1_baseline,313,630,7.0,0.0,4129,0.2727,1,0.0,0.0,7.0,True,correct_optimal,
E4_4_components,Franklin,famous,SMALL,12,18,minimal,最小配置(全部禁用),7.0,2.372,optimal,False,False,False,False,0,v1_baseline,313,1950,7.0,0.0,3716,0.2727,1,0.0,0.0,7.0,True,correct_optimal,
E4_4_components,Franklin,famous,SMALL,12,18,mipstart_only,仅MIPStart,7.0,4.627,optimal,False,False,True,False,0,v1_baseline,313,1950,7.0,0.0,4031,0.2727,1,0.0,0.0,7.0,True,correct_optimal,
E4_4_components,Franklin,famous,SMALL,12,18,lazy_only,仅Lazy约束,7.0,3.259,optimal,False,False,False,True,0,v1_baseline,313,630,7.0,0.0,4831,0.2727,1,0.0,0.0,7.0,True,correct_optimal,
E4_4_components,Franklin,famous,SMALL,12,18,presolve_only,仅Gurobi预处理,7.0,2.169,optimal,False,False,False,False,2,v1_baseline,313,1950,7.0,0.0,3000,0.2727,1,0.0,0.0,7.0,True,correct_optimal,
E4_4_components,Frucht,famous,SMALL,12,18,baseline,基线配置(全部启用),6.0,2.396,optimal,False,False,True,True,2,v1_baseline,313,630,6.0,0.0,2444,0.2727,1,0.0,0.0,6.0,True,correct_optimal,
E4_4_components,Frucht,famous,SMALL,12,18,no_mipstart,禁用MIPStart,6.0,1.76,optimal,False,False,False,True,2,v1_baseline,313,630,6.0,0.0,3803,0.2727,1,0.0,0.0,6.0,True,correct_optimal,
E4_4_components,Frucht,famous,SMALL,12,18,no_lazy,禁用Lazy约束,6.0,0.942,optimal,False,False,True,False,2,v1_baseline,313,1950,6.0,0.0,394,0.2727,1,0.0,0.0,6.0,True,correct_optimal,
E4_4_components,Frucht,famous,SMALL,12,18,no_gurobi_presolve,禁用Gurobi预处理,6.0,2.19,optimal,False,False,True,True,0,v1_baseline,313,630,6.0,0.0,2567,0.2727,1,0.0,0.0,6.0,True,correct_optimal,
E4_4_components,Frucht,famous,SMALL,12,18,minimal,最小配置(全部禁用),6.0,0.954,optimal,False,False,False,False,0,v1_baseline,313,1950,6.0,0.0,537,0.2727,1,0.0,0.0,6.0,True,correct_optimal,
E4_4_components,Frucht,famous,SMALL,12,18,mipstart_only,仅MIPStart,6.0,0.825,optimal,False,False,True,False,0,v1_baseline,313,1950,6.0,0.0,257,0.2727,1,0.0,0.0,6.0,True,correct_optimal,
E4_4_components,Frucht,famous,SMALL,12,18,lazy_only,仅Lazy约束,6.0,1.86,optimal,False,False,False,True,0,v1_baseline,313,630,6.0,0.0,3575,0.2727,1,0.0,0.0,6.0,True,correct_optimal,
E4_4_components,Frucht,famous,SMALL,12,18,presolve_only,仅Gurobi预处理,6.0,0.875,optimal,False,False,False,False,2,v1_baseline,313,1950,6.0,0.0,412,0.2727,1,0.0,0.0,6.0,True,correct_optimal,
E4_4_components,Goldner,famous,SMALL,11,27,baseline,基线配置(全部启用),5.0,0.071,optimal,False,False,True,True,2,v1_baseline,265,544,5.0,0.0,1,0.4909,1,0.0,0.0,5.0,True,correct_optimal,
E4_4_components,Goldner,famous,SMALL,11,27,no_mipstart,禁用MIPStart,5.0,0.229,optimal,False,False,False,True,2,v1_baseline,265,544,5.0,0.0,1,0.4909,1,0.0,0.0,5.0,True,correct_optimal,
E4_4_components,Goldner,famous,SMALL,11,27,no_lazy,禁用Lazy约束,5.0,0.076,optimal,False,False,True,False,2,v1_baseline,265,1534,5.0,0.0,1,0.4909,1,0.0,0.0,5.0,True,correct_optimal,
E4_4_components,Goldner,famous,SMALL,11,27,no_gurobi_presolve,禁用Gurobi预处理,5.0,0.096,optimal,False,False,True,True,0,v1_baseline,265,544,5.0,0.0,1,0.4909,1,0.0,0.0,5.0,True,correct_optimal,
E4_4_components,Goldner,famous,SMALL,11,27,minimal,最小配置(全部禁用),5.0,0.077,optimal,False,False,False,False,0,v1_baseline,265,1534,5.0,0.0,1,0.4909,1,0.0,0.0,5.0,True,correct_optimal,
E4_4_components,Goldner,famous,SMALL,11,27,mipstart_only,仅MIPStart,5.0,0.073,optimal,False,False,True,False,0,v1_baseline,265,1534,5.0,0.0,1,0.4909,1,0.0,0.0,5.0,True,correct_optimal,
E4_4_components,Goldner,famous,SMALL,11,27,lazy_only,仅Lazy约束,5.0,0.033,optimal,False,False,False,True,0,v1_baseline,265,544,5.0,0.0,1,0.4909,1,0.0,0.0,5.0,True,correct_optimal,
E4_4_components,Goldner,famous,SMALL,11,27,presolve_only,仅Gurobi预处理,5.0,0.074,optimal,False,False,False,False,2,v1_baseline,265,1534,5.0,0.0,1,0.4909,1,0.0,0.0,5.0,True,correct_optimal,
E4_4_components,Grotzsch,famous,SMALL,11,20,baseline,基线配置(全部启用),7.0,1.339,optimal,False,False,True,True,2,v1_baseline,265,537,7.0,0.0,1343,0.3636,1,0.0,0.0,7.0,True,correct_optimal,
E4_4_components,Grotzsch,famous,SMALL,11,20,no_mipstart,禁用MIPStart,7.0,0.777,optimal,False,False,False,True,2,v1_baseline,265,537,7.0,0.0,2404,0.3636,1,0.0,0.0,7.0,True,correct_optimal,
E4_4_components,Grotzsch,famous,SMALL,11,20,no_lazy,禁用Lazy约束,7.0,0.896,optimal,False,False,True,False,2,v1_baseline,265,1527,7.0,0.0,166,0.3636,1,0.0,0.0,7.0,True,correct_optimal,
E4_4_components,Grotzsch,famous,SMALL,11,20,no_gurobi_presolve,禁用Gurobi预处理,7.0,1.362,optimal,False,False,True,True,0,v1_baseline,265,537,7.0,0.0,1502,0.3636,1,0.0,0.0,7.0,True,correct_optimal,
E4_4_components,Grotzsch,famous,SMALL,11,20,minimal,最小配置(全部禁用),7.0,0.834,optimal,False,False,False,False,0,v1_baseline,265,1527,7.0,0.0,172,0.3636,1,0.0,0.0,7.0,True,correct_optimal,
E4_4_components,Grotzsch,famous,SMALL,11,20,mipstart_only,仅MIPStart,7.0,0.894,optimal,False,False,True,False,0,v1_baseline,265,1527,7.0,0.0,191,0.3636,1,0.0,0.0,7.0,True,correct_optimal,
E4_4_components,Grotzsch,famous,SMALL,11,20,lazy_only,仅Lazy约束,7.0,0.844,optimal,False,False,False,True,0,v1_baseline,265,537,7.0,0.0,2544,0.3636,1,0.0,0.0,7.0,True,correct_optimal,
E4_4_components,Grotzsch,famous,SMALL,11,20,presolve_only,仅Gurobi预处理,7.0,0.85,optimal,False,False,False,False,2,v1_baseline,265,1527,7.0,0.0,115,0.3636,1,0.0,0.0,7.0,True,correct_optimal,
E4_4_components,Herschel,famous,SMALL,11,18,baseline,基线配置(全部启用),5.0,0.611,optimal,False,False,True,True,2,v1_baseline,265,535,5.0,0.0,263,0.3273,1,0.0,0.0,5.0,True,correct_optimal,
E4_4_components,Herschel,famous,SMALL,11,18,no_mipstart,禁用MIPStart,5.0,0.523,optimal,False,False,False,True,2,v1_baseline,265,535,5.0,0.0,1078,0.3273,1,0.0,0.0,5.0,True,correct_optimal,
E4_4_components,Herschel,famous,SMALL,11,18,no_lazy,禁用Lazy约束,5.0,0.212,optimal,False,False,True,False,2,v1_baseline,265,1525,5.0,0.0,1,0.3273,1,0.0,0.0,5.0,True,correct_optimal,
E4_4_components,Herschel,famous,SMALL,11,18,no_gurobi_presolve,禁用Gurobi预处理,5.0,0.431,optimal,False,False,True,True,0,v1_baseline,265,535,5.0,0.0,191,0.3273,1,0.0,0.0,5.0,True,correct_optimal,
E4_4_components,Herschel,famous,SMALL,11,18,minimal,最小配置(全部禁用),5.0,0.195,optimal,False,False,False,False,0,v1_baseline,265,1525,5.0,0.0,1,0.3273,1,0.0,0.0,5.0,True,correct_optimal,
E4_4_components,Herschel,famous,SMALL,11,18,mipstart_only,仅MIPStart,5.0,0.372,optimal,False,False,True,False,0,v1_baseline,265,1525,5.0,0.0,1,0.3273,1,0.0,0.0,5.0,True,correct_optimal,
E4_4_components,Herschel,famous,SMALL,11,18,lazy_only,仅Lazy约束,5.0,0.485,optimal,False,False,False,True,0,v1_baseline,265,535,5.0,0.0,1789,0.3273,1,0.0,0.0,5.0,True,correct_optimal,
E4_4_components,Herschel,famous,SMALL,11,18,presolve_only,仅Gurobi预处理,5.0,0.241,optimal,False,False,False,False,2,v1_baseline,265,1525,5.0,0.0,1,0.3273,1,0.0,0.0,5.0,True,correct_optimal,
E4_4_components,Hoffman,famous,SMALL,16,32,baseline,基线配置(全部启用),8.0,82.713,optimal,False,False,True,True,2,v1_baseline,545,1104,8.0,0.0,86498,0.2667,1,0.0,0.0,8.0,True,correct_optimal,
E4_4_components,Hoffman,famous,SMALL,16,32,no_mipstart,禁用MIPStart,8.0,58.969,optimal,False,False,False,True,2,v1_baseline,545,1104,8.0,0.0,81922,0.2667,1,0.0,0.0,8.0,True,correct_optimal,
E4_4_components,Hoffman,famous,SMALL,16,32,no_lazy,禁用Lazy约束,8.0,17.914,optimal,False,False,True,False,2,v1_baseline,545,4464,8.0,0.0,3460,0.2667,1,0.0,0.0,8.0,True,correct_optimal,
E4_4_components,Hoffman,famous,SMALL,16,32,no_gurobi_presolve,禁用Gurobi预处理,8.0,107.101,optimal,False,False,True,True,0,v1_baseline,545,1104,8.0,0.0,116639,0.2667,1,0.0,0.0,8.0,True,correct_optimal,
E4_4_components,Hoffman,famous,SMALL,16,32,minimal,最小配置(全部禁用),8.0,12.734,optimal,False,False,False,False,0,v1_baseline,545,4464,8.0,0.0,4516,0.2667,1,0.0,0.0,8.0,True,correct_optimal,
E4_4_components,Hoffman,famous,SMALL,16,32,mipstart_only,仅MIPStart,8.0,26.963,optimal,False,False,True,False,0,v1_baseline,545,4464,8.0,0.0,9020,0.2667,1,0.0,0.0,8.0,True,correct_optimal,
E4_4_components,Hoffman,famous,SMALL,16,32,lazy_only,仅Lazy约束,8.0,55.963,optimal,False,False,False,True,0,v1_baseline,545,1104,8.0,0.0,76445,0.2667,1,0.0,0.0,8.0,True,correct_optimal,
E4_4_components,Hoffman,famous,SMALL,16,32,presolve_only,仅Gurobi预处理,8.0,10.048,optimal,False,False,False,False,2,v1_baseline,545,4464,8.0,0.0,3151,0.2667,1,0.0,0.0,8.0,True,correct_optimal,
E4_4_components,Holt,famous,MEDIUM,27,54,baseline,基线配置(全部启用),22.0,120.159,timeout,True,False,True,True,2,v1_baseline,1513,3051,22.0,0.7272727272727273,64797,0.1538,1,0.0,0.0,,,no_golden_standard,
E4_4_components,Holt,famous,MEDIUM,27,54,no_mipstart,禁用MIPStart,,120.283,failed,True,False,False,True,2,v1_baseline,0,0,,0.0,0,0.1538,1,0.0,0.0,,,no_golden_standard,
E4_4_components,Holt,famous,MEDIUM,27,54,no_lazy,禁用Lazy约束,17.0,120.356,timeout,True,False,True,False,2,v1_baseline,1513,20601,17.0,0.7058823529411765,3211,0.1538,1,0.0,0.0,,,no_golden_standard,
E4_4_components,Holt,famous,MEDIUM,27,54,no_gurobi_presolve,禁用Gurobi预处理,20.0,120.188,timeout,True,False,True,True,0,v1_baseline,1513,3051,20.0,0.7,66097,0.1538,1,0.0,0.0,,,no_golden_standard,
E4_4_components,Holt,famous,MEDIUM,27,54,minimal,最小配置(全部禁用),16.0,120.276,timeout,True,False,False,False,0,v1_baseline,1513,20601,16.0,0.6875,2328,0.1538,1,0.0,0.0,,,no_golden_standard,
E4_4_components,Holt,famous,MEDIUM,27,54,mipstart_only,仅MIPStart,14.0,120.299,timeout,True,False,True,False,0,v1_baseline,1513,20601,14.0,0.6428571428571429,2993,0.1538,1,0.0,0.0,,,no_golden_standard,
E4_4_components,Holt,famous,MEDIUM,27,54,lazy_only,仅Lazy约束,,120.326,failed,True,False,False,True,0,v1_baseline,0,0,,0.0,0,0.1538,1,0.0,0.0,,,no_golden_standard,
E4_4_components,Holt,famous,MEDIUM,27,54,presolve_only,仅Gurobi预处理,15.0,120.313,timeout,True,False,False,False,2,v1_baseline,1513,20601,15.0,0.6666666666666666,3146,0.1538,1,0.0,0.0,,,no_golden_standard,
E4_4_components,Kittell,famous,MEDIUM,23,63,baseline,基线配置(全部启用),16.0,120.129,timeout,True,False,True,True,2,v1_baseline,1105,2248,16.0,0.625,45222,0.249,1,0.0,0.0,12.0,False,error,timeout_not_optimal
E4_4_components,Kittell,famous,MEDIUM,23,63,no_mipstart,禁用MIPStart,,120.144,failed,True,False,False,True,2,v1_baseline,0,0,,0.0,0,0.249,1,0.0,0.0,12.0,False,failed,failed_to_solve
E4_4_components,Kittell,famous,MEDIUM,23,63,no_lazy,禁用Lazy约束,12.0,120.263,timeout,True,False,True,False,2,v1_baseline,1105,12874,12.0,0.4166666666666667,3811,0.249,1,0.0,0.0,12.0,False,error,timeout_not_optimal
E4_4_components,Kittell,famous,MEDIUM,23,63,no_gurobi_presolve,禁用Gurobi预处理,16.0,120.173,timeout,True,False,True,True,0,v1_baseline,1105,2248,16.0,0.625,34234,0.249,1,0.0,0.0,12.0,False,error,timeout_not_optimal
E4_4_components,Kittell,famous,MEDIUM,23,63,minimal,最小配置(全部禁用),12.0,120.211,timeout,True,False,False,False,0,v1_baseline,1105,12874,12.0,0.3333333333333333,13674,0.249,1,0.0,0.0,12.0,False,error,timeout_not_optimal
E4_4_components,Kittell,famous,MEDIUM,23,63,mipstart_only,仅MIPStart,12.0,120.243,timeout,True,False,True,False,0,v1_baseline,1105,12874,12.0,0.4166666666666667,6144,0.249,1,0.0,0.0,12.0,False,error,timeout_not_optimal
E4_4_components,Kittell,famous,MEDIUM,23,63,lazy_only,仅Lazy约束,,120.482,failed,True,False,False,True,0,v1_baseline,0,0,,0.0,0,0.249,1,0.0,0.0,12.0,False,failed,failed_to_solve
E4_4_components,Kittell,famous,MEDIUM,23,63,presolve_only,仅Gurobi预处理,12.0,120.562,timeout,True,False,False,False,2,v1_baseline,1105,12874,12.0,0.5,2896,0.249,1,0.0,0.0,12.0,False,error,timeout_not_optimal
E4_4_components,McGee,famous,MEDIUM,24,36,baseline,基线配置(全部启用),20.0,120.45,timeout,True,False,True,True,2,v1_baseline,1201,2412,20.0,0.75,45571,0.1304,1,0.0,0.0,11.0,False,error,timeout_not_optimal
E4_4_components,McGee,famous,MEDIUM,24,36,no_mipstart,禁用MIPStart,,120.545,failed,True,False,False,True,2,v1_baseline,0,0,,0.0,0,0.1304,1,0.0,0.0,11.0,False,failed,failed_to_solve
E4_4_components,McGee,famous,MEDIUM,24,36,no_lazy,禁用Lazy约束,12.0,120.616,timeout,True,False,True,False,2,v1_baseline,1201,14556,12.0,0.5833333333333334,6913,0.1304,1,0.0,0.0,11.0,False,error,timeout_not_optimal
E4_4_components,McGee,famous,MEDIUM,24,36,no_gurobi_presolve,禁用Gurobi预处理,18.0,120.275,timeout,True,False,True,True,0,v1_baseline,1201,2412,18.0,0.7222222222222222,48971,0.1304,1,0.0,0.0,11.0,False,error,timeout_not_optimal
E4_4_components,McGee,famous,MEDIUM,24,36,minimal,最小配置(全部禁用),11.0,120.654,timeout,True,False,False,False,0,v1_baseline,1201,14556,11.0,0.5454545454545454,4132,0.1304,1,0.0,0.0,11.0,False,error,timeout_not_optimal
E4_4_components,McGee,famous,MEDIUM,24,36,mipstart_only,仅MIPStart,11.0,120.618,timeout,True,False,True,False,0,v1_baseline,1201,14556,11.0,0.5454545454545454,5926,0.1304,1,0.0,0.0,11.0,False,error,timeout_not_optimal
E4_4_components,McGee,famous,MEDIUM,24,36,lazy_only,仅Lazy约束,,120.489,failed,True,False,False,True,0,v1_baseline,0,0,,0.0,0,0.1304,1,0.0,0.0,11.0,False,failed,failed_to_solve
E4_4_components,McGee,famous,MEDIUM,24,36,presolve_only,仅Gurobi预处理,11.0,120.528,timeout,True,False,False,False,2,v1_baseline,1201,14556,11.0,0.6363636363636364,4662,0.1304,1,0.0,0.0,11.0,False,error,timeout_not_optimal
E4_4_components,Moser,famous,TINY,7,11,baseline,基线配置(全部启用),5.0,0.584,optimal,False,False,True,True,2,v1_baseline,113,228,5.0,0.0,10,0.5238,1,0.0,0.0,5.0,True,correct_optimal,
E4_4_components,Moser,famous,TINY,7,11,no_mipstart,禁用MIPStart,5.0,0.517,optimal,False,False,False,True,2,v1_baseline,113,228,5.0,0.0,17,0.5238,1,0.0,0.0,5.0,True,correct_optimal,
E4_4_components,Moser,famous,TINY,7,11,no_lazy,禁用Lazy约束,5.0,0.078,optimal,False,False,True,False,2,v1_baseline,113,438,5.0,0.0,1,0.5238,1,0.0,0.0,5.0,True,correct_optimal,
E4_4_components,Moser,famous,TINY,7,11,no_gurobi_presolve,禁用Gurobi预处理,5.0,0.593,optimal,False,False,True,True,0,v1_baseline,113,228,5.0,0.0,17,0.5238,1,0.0,0.0,5.0,True,correct_optimal,
E4_4_components,Moser,famous,TINY,7,11,minimal,最小配置(全部禁用),5.0,0.13,optimal,False,False,False,False,0,v1_baseline,113,438,5.0,0.0,1,0.5238,1,0.0,0.0,5.0,True,correct_optimal,
E4_4_components,Moser,famous,TINY,7,11,mipstart_only,仅MIPStart,5.0,0.182,optimal,False,False,True,False,0,v1_baseline,113,438,5.0,0.0,1,0.5238,1,0.0,0.0,5.0,True,correct_optimal,
E4_4_components,Moser,famous,TINY,7,11,lazy_only,仅Lazy约束,5.0,0.532,optimal,False,False,False,True,0,v1_baseline,113,228,5.0,0.0,22,0.5238,1,0.0,0.0,5.0,True,correct_optimal,
E4_4_components,Moser,famous,TINY,7,11,presolve_only,仅Gurobi预处理,5.0,0.069,optimal,False,False,False,False,2,v1_baseline,113,438,5.0,0.0,1,0.5238,1,0.0,0.0,5.0,True,correct_optimal,
E4_4_components,Nauru,famous,MEDIUM,24,36,baseline,基线配置(全部启用),,120.58,failed,True,False,True,True,2,v1_baseline,0,0,,0.0,0,0.1304,1,0.0,0.0,10.0,False,failed,failed_to_solve
E4_4_components,Nauru,famous,MEDIUM,24,36,no_mipstart,禁用MIPStart,,120.308,failed,True,False,False,True,2,v1_baseline,0,0,,0.0,0,0.1304,1,0.0,0.0,10.0,False,failed,failed_to_solve
E4_4_components,Nauru,famous,MEDIUM,24,36,no_lazy,禁用Lazy约束,12.0,120.286,timeout,True,False,True,False,2,v1_baseline,1201,14556,12.0,0.5833333333333334,9901,0.1304,1,0.0,0.0,10.0,False,error,timeout_not_optimal
E4_4_components,Nauru,famous,MEDIUM,24,36,no_gurobi_presolve,禁用Gurobi预处理,,120.251,failed,True,False,True,True,0,v1_baseline,0,0,,0.0,0,0.1304,1,0.0,0.0,10.0,False,failed,failed_to_solve
E4_4_components,Nauru,famous,MEDIUM,24,36,minimal,最小配置(全部禁用),12.0,120.28,timeout,True,False,False,False,0,v1_baseline,1201,14556,12.0,0.5833333333333334,21214,0.1304,1,0.0,0.0,10.0,False,error,timeout_not_optimal
E4_4_components,Nauru,famous,MEDIUM,24,36,mipstart_only,仅MIPStart,11.0,120.268,timeout,True,False,True,False,0,v1_baseline,1201,14556,11.0,0.5454545454545454,13063,0.1304,1,0.0,0.0,10.0,False,error,timeout_not_optimal
E4_4_components,Nauru,famous,MEDIUM,24,36,lazy_only,仅Lazy约束,,120.33,failed,True,False,False,True,0,v1_baseline,0,0,,0.0,0,0.1304,1,0.0,0.0,10.0,False,failed,failed_to_solve
E4_4_components,Nauru,famous,MEDIUM,24,36,presolve_only,仅Gurobi预处理,12.0,120.286,timeout,True,False,False,False,2,v1_baseline,1201,14556,12.0,0.5833333333333334,13985,0.1304,1,0.0,0.0,10.0,False,error,timeout_not_optimal
E4_4_components,Paley13,famous,SMALL,13,39,baseline,基线配置(全部启用),10.0,9.308,optimal,False,False,True,True,2,v1_baseline,365,754,10.0,0.0,3639,0.5,1,0.0,0.0,10.0,True,correct_optimal,
E4_4_components,Paley13,famous,SMALL,13,39,no_mipstart,禁用MIPStart,10.0,6.835,optimal,False,False,False,True,2,v1_baseline,365,754,10.0,0.0,4595,0.5,1,0.0,0.0,10.0,True,correct_optimal,
E4_4_components,Paley13,famous,SMALL,13,39,no_lazy,禁用Lazy约束,10.0,11.575,optimal,False,False,True,False,2,v1_baseline,365,2470,10.0,0.0,5415,0.5,1,0.0,0.0,10.0,True,correct_optimal,
E4_4_components,Paley13,famous,SMALL,13,39,no_gurobi_presolve,禁用Gurobi预处理,10.0,9.971,optimal,False,False,True,True,0,v1_baseline,365,754,10.0,0.0,5186,0.5,1,0.0,0.0,10.0,True,correct_optimal,
E4_4_components,Paley13,famous,SMALL,13,39,minimal,最小配置(全部禁用),10.0,9.948,optimal,False,False,False,False,0,v1_baseline,365,2470,10.0,0.0,4797,0.5,1,0.0,0.0,10.0,True,correct_optimal,
E4_4_components,Paley13,famous,SMALL,13,39,mipstart_only,仅MIPStart,10.0,13.185,optimal,False,False,True,False,0,v1_baseline,365,2470,10.0,0.0,4228,0.5,1,0.0,0.0,10.0,True,correct_optimal,
E4_4_components,Paley13,famous,SMALL,13,39,lazy_only,仅Lazy约束,10.0,6.893,optimal,False,False,False,True,0,v1_baseline,365,754,10.0,0.0,4982,0.5,1,0.0,0.0,10.0,True,correct_optimal,
E4_4_components,Paley13,famous,SMALL,13,39,presolve_only,仅Gurobi预处理,10.0,5.734,optimal,False,False,False,False,2,v1_baseline,365,2470,10.0,0.0,3838,0.5,1,0.0,0.0,10.0,True,correct_optimal,
E4_4_components,Pappus,famous,SMALL,18,27,baseline,基线配置(全部启用),9.0,120.106,timeout,True,False,True,True,2,v1_baseline,685,1377,9.0,0.3333333333333333,104671,0.1765,1,0.0,0.0,8.0,False,error,timeout_not_optimal
E4_4_components,Pappus,famous,SMALL,18,27,no_mipstart,禁用MIPStart,10.0,120.138,timeout,True,False,False,True,2,v1_baseline,685,1377,10.0,0.4,172564,0.1765,1,0.0,0.0,8.0,False,error,timeout_not_optimal
E4_4_components,Pappus,famous,SMALL,18,27,no_lazy,禁用Lazy约束,8.0,120.126,timeout,True,False,True,False,2,v1_baseline,685,6273,8.0,0.25,34000,0.1765,1,0.0,0.0,8.0,False,error,timeout_not_optimal
E4_4_components,Pappus,famous,SMALL,18,27,no_gurobi_presolve,禁用Gurobi预处理,9.0,120.098,timeout,True,False,True,True,0,v1_baseline,685,1377,9.0,0.3333333333333333,101456,0.1765,1,0.0,0.0,8.0,False,error,timeout_not_optimal
E4_4_components,Pappus,famous,SMALL,18,27,minimal,最小配置(全部禁用),8.0,120.13,timeout,True,False,False,False,0,v1_baseline,685,6273,8.0,0.125,69121,0.1765,1,0.0,0.0,8.0,False,error,timeout_not_optimal
E4_4_components,Pappus,famous,SMALL,18,27,mipstart_only,仅MIPStart,8.0,120.163,timeout,True,False,True,False,0,v1_baseline,685,6273,8.0,0.125,39579,0.1765,1,0.0,0.0,8.0,False,error,timeout_not_optimal
E4_4_components,Pappus,famous,SMALL,18,27,lazy_only,仅Lazy约束,8.0,120.108,timeout,True,False,False,True,0,v1_baseline,685,1377,8.0,0.25,153948,0.1765,1,0.0,0.0,8.0,False,error,timeout_not_optimal
E4_4_components,Pappus,famous,SMALL,18,27,presolve_only,仅Gurobi预处理,9.0,120.147,timeout,True,False,False,False,2,v1_baseline,685,6273,9.0,0.3333333333333333,53410,0.1765,1,0.0,0.0,8.0,False,error,timeout_not_optimal
E4_4_components,Petersen,famous,TINY,10,15,baseline,基线配置(全部启用),6.0,0.609,optimal,False,False,True,True,2,v1_baseline,221,445,6.0,0.0,553,0.3333,1,0.0,0.0,6.0,True,correct_optimal,
E4_4_components,Petersen,famous,TINY,10,15,no_mipstart,禁用MIPStart,6.0,0.466,optimal,False,False,False,True,2,v1_baseline,221,445,6.0,0.0,1165,0.3333,1,0.0,0.0,6.0,True,correct_optimal,
E4_4_components,Petersen,famous,TINY,10,15,no_lazy,禁用Lazy约束,6.0,0.508,optimal,False,False,True,False,2,v1_baseline,221,1165,6.0,0.0,54,0.3333,1,0.0,0.0,6.0,True,correct_optimal,
E4_4_components,Petersen,famous,TINY,10,15,no_gurobi_presolve,禁用Gurobi预处理,6.0,0.333,optimal,False,False,True,True,0,v1_baseline,221,445,6.0,0.0,209,0.3333,1,0.0,0.0,6.0,True,correct_optimal,
E4_4_components,Petersen,famous,TINY,10,15,minimal,最小配置(全部禁用),6.0,0.475,optimal,False,False,False,False,0,v1_baseline,221,1165,6.0,0.0,55,0.3333,1,0.0,0.0,6.0,True,correct_optimal,
E4_4_components,Petersen,famous,TINY,10,15,mipstart_only,仅MIPStart,6.0,0.433,optimal,False,False,True,False,0,v1_baseline,221,1165,6.0,0.0,80,0.3333,1,0.0,0.0,6.0,True,correct_optimal,
E4_4_components,Petersen,famous,TINY,10,15,lazy_only,仅Lazy约束,6.0,0.374,optimal,False,False,False,True,0,v1_baseline,221,445,6.0,0.0,627,0.3333,1,0.0,0.0,6.0,True,correct_optimal,
E4_4_components,Petersen,famous,TINY,10,15,presolve_only,仅Gurobi预处理,6.0,0.386,optimal,False,False,False,False,2,v1_baseline,221,1165,6.0,0.0,1,0.3333,1,0.0,0.0,6.0,True,correct_optimal,
E4_4_components,Pmin,famous,TINY,9,12,baseline,基线配置(全部启用),5.0,0.575,optimal,False,False,True,True,2,v1_baseline,181,363,5.0,0.0,80,0.3333,1,0.0,0.0,5.0,True,correct_optimal,
E4_4_components,Pmin,famous,TINY,9,12,no_mipstart,禁用MIPStart,5.0,0.455,optimal,False,False,False,True,2,v1_baseline,181,363,5.0,0.0,85,0.3333,1,0.0,0.0,5.0,True,correct_optimal,
E4_4_components,Pmin,famous,TINY,9,12,no_lazy,禁用Lazy约束,5.0,0.138,optimal,False,False,True,False,2,v1_baseline,181,867,5.0,0.0,1,0.3333,1,0.0,0.0,5.0,True,correct_optimal,
E4_4_components,Pmin,famous,TINY,9,12,no_gurobi_presolve,禁用Gurobi预处理,5.0,0.556,optimal,False,False,True,True,0,v1_baseline,181,363,5.0,0.0,25,0.3333,1,0.0,0.0,5.0,True,correct_optimal,
E4_4_components,Pmin,famous,TINY,9,12,minimal,最小配置(全部禁用),5.0,0.15,optimal,False,False,False,False,0,v1_baseline,181,867,5.0,0.0,1,0.3333,1,0.0,0.0,5.0,True,correct_optimal,
E4_4_components,Pmin,famous,TINY,9,12,mipstart_only,仅MIPStart,5.0,0.153,optimal,False,False,True,False,0,v1_baseline,181,867,5.0,0.0,1,0.3333,1,0.0,0.0,5.0,True,correct_optimal,
E4_4_components,Pmin,famous,TINY,9,12,lazy_only,仅Lazy约束,5.0,0.718,optimal,False,False,False,True,0,v1_baseline,181,363,5.0,0.0,575,0.3333,1,0.0,0.0,5.0,True,correct_optimal,
E4_4_components,Pmin,famous,TINY,9,12,presolve_only,仅Gurobi预处理,5.0,0.164,optimal,False,False,False,False,2,v1_baseline,181,867,5.0,0.0,1,0.3333,1,0.0,0.0,5.0,True,correct_optimal,
E4_4_components,Poussin,famous,SMALL,15,39,baseline,基线配置(全部启用),9.0,15.938,optimal,False,False,True,True,2,v1_baseline,481,984,9.0,0.0,11969,0.3714,1,0.0,0.0,9.0,True,correct_optimal,
E4_4_components,Poussin,famous,SMALL,15,39,no_mipstart,禁用MIPStart,9.0,18.442,optimal,False,False,False,True,2,v1_baseline,481,984,9.0,0.0,30795,0.3714,1,0.0,0.0,9.0,True,correct_optimal,
E4_4_components,Poussin,famous,SMALL,15,39,no_lazy,禁用Lazy约束,9.0,14.568,optimal,False,False,True,False,2,v1_baseline,481,3714,9.0,0.0,3175,0.3714,1,0.0,0.0,9.0,True,correct_optimal,
E4_4_components,Poussin,famous,SMALL,15,39,no_gurobi_presolve,禁用Gurobi预处理,9.0,15.56,optimal,False,False,True,True,0,v1_baseline,481,984,9.0,0.0,10565,0.3714,1,0.0,0.0,9.0,True,correct_optimal,
E4_4_components,Poussin,famous,SMALL,15,39,minimal,最小配置(全部禁用),9.0,10.99,optimal,False,False,False,False,0,v1_baseline,481,3714,9.0,0.0,3132,0.3714,1,0.0,0.0,9.0,True,correct_optimal,
E4_4_components,Poussin,famous,SMALL,15,39,mipstart_only,仅MIPStart,9.0,16.523,optimal,False,False,True,False,0,v1_baseline,481,3714,9.0,0.0,4547,0.3714,1,0.0,0.0,9.0,True,correct_optimal,
E4_4_components,Poussin,famous,SMALL,15,39,lazy_only,仅Lazy约束,9.0,13.342,optimal,False,False,False,True,0,v1_baseline,481,984,9.0,0.0,21600,0.3714,1,0.0,0.0,9.0,True,correct_optimal,
E4_4_components,Poussin,famous,SMALL,15,39,presolve_only,仅Gurobi预处理,9.0,14.748,optimal,False,False,False,False,2,v1_baseline,481,3714,9.0,0.0,5413,0.3714,1,0.0,0.0,9.0,True,correct_optimal,
E4_4_components,Prism,famous,TINY,6,9,baseline,基线配置(全部启用),5.0,0.224,optimal,False,False,True,True,2,v1_baseline,85,171,5.0,0.0,17,0.6,1,0.0,0.0,5.0,True,correct_optimal,
E4_4_components,Prism,famous,TINY,6,9,no_mipstart,禁用MIPStart,5.0,0.235,optimal,False,False,False,True,2,v1_baseline,85,171,5.0,0.0,21,0.6,1,0.0,0.0,5.0,True,correct_optimal,
E4_4_components,Prism,famous,TINY,6,9,no_lazy,禁用Lazy约束,5.0,0.039,optimal,False,False,True,False,2,v1_baseline,85,291,5.0,0.0,1,0.6,1,0.0,0.0,5.0,True,correct_optimal,
E4_4_components,Prism,famous,TINY,6,9,no_gurobi_presolve,禁用Gurobi预处理,5.0,0.236,optimal,False,False,True,True,0,v1_baseline,85,171,5.0,0.0,17,0.6,1,0.0,0.0,5.0,True,correct_optimal,
E4_4_components,Prism,famous,TINY,6,9,minimal,最小配置(全部禁用),5.0,0.035,optimal,False,False,False,False,0,v1_baseline,85,291,5.0,0.0,1,0.6,1,0.0,0.0,5.0,True,correct_optimal,
E4_4_components,Prism,famous,TINY,6,9,mipstart_only,仅MIPStart,5.0,0.033,optimal,False,False,True,False,0,v1_baseline,85,291,5.0,0.0,1,0.6,1,0.0,0.0,5.0,True,correct_optimal,
E4_4_components,Prism,famous,TINY,6,9,lazy_only,仅Lazy约束,5.0,0.154,optimal,False,False,False,True,0,v1_baseline,85,171,5.0,0.0,8,0.6,1,0.0,0.0,5.0,True,correct_optimal,
E4_4_components,Prism,famous,TINY,6,9,presolve_only,仅Gurobi预处理,5.0,0.039,optimal,False,False,False,False,2,v1_baseline,85,291,5.0,0.0,1,0.6,1,0.0,0.0,5.0,True,correct_optimal,
E4_4_components,Robertson,famous,SMALL,19,38,baseline,基线配置(全部启用),12.0,120.099,timeout,True,False,True,True,2,v1_baseline,761,1539,12.0,0.4166666666666667,72073,0.2222,1,0.0,0.0,10.0,False,error,timeout_not_optimal
E4_4_components,Robertson,famous,SMALL,19,38,no_mipstart,禁用MIPStart,11.0,120.105,timeout,True,False,False,True,2,v1_baseline,761,1539,11.0,0.36363636363636365,109939,0.2222,1,0.0,0.0,10.0,False,error,timeout_not_optimal
E4_4_components,Robertson,famous,SMALL,19,38,no_lazy,禁用Lazy约束,10.0,94.144,optimal,False,False,True,False,2,v1_baseline,761,7353,10.0,0.0,9206,0.2222,1,0.0,0.0,10.0,True,correct_optimal,
E4_4_components,Robertson,famous,SMALL,19,38,no_gurobi_presolve,禁用Gurobi预处理,11.0,120.091,timeout,True,False,True,True,0,v1_baseline,761,1539,11.0,0.2727272727272727,63864,0.2222,1,0.0,0.0,10.0,False,error,timeout_not_optimal
E4_4_components,Robertson,famous,SMALL,19,38,minimal,最小配置(全部禁用),10.0,92.158,optimal,False,False,False,False,0,v1_baseline,761,7353,10.0,0.0,19842,0.2222,1,0.0,0.0,10.0,True,correct_optimal,
E4_4_components,Robertson,famous,SMALL,19,38,mipstart_only,仅MIPStart,10.0,95.552,optimal,False,False,True,False,0,v1_baseline,761,7353,10.0,0.0,9835,0.2222,1,0.0,0.0,10.0,True,correct_optimal,
E4_4_components,Robertson,famous,SMALL,19,38,lazy_only,仅Lazy约束,12.0,120.114,timeout,True,False,False,True,0,v1_baseline,761,1539,12.0,0.4166666666666667,131599,0.2222,1,0.0,0.0,10.0,False,error,timeout_not_optimal
E4_4_components,Robertson,famous,SMALL,19,38,presolve_only,仅Gurobi预处理,10.0,71.441,optimal,False,False,False,False,2,v1_baseline,761,7353,10.0,0.0,10622,0.2222,1,0.0,0.0,10.0,True,correct_optimal,
E4_4_components,Shrikhande,famous,SMALL,16,48,baseline,基线配置(全部启用),11.0,120.062,timeout,True,False,True,True,2,v1_baseline,545,1120,11.0,0.18181818181818182,50134,0.4,1,0.0,0.0,11.0,False,error,timeout_not_optimal
E4_4_components,Shrikhande,famous,SMALL,16,48,no_mipstart,禁用MIPStart,11.0,120.078,timeout,True,False,False,True,2,v1_baseline,545,1120,11.0,0.09090909090909091,84740,0.4,1,0.0,0.0,11.0,False,error,timeout_not_optimal
E4_4_components,Shrikhande,famous,SMALL,16,48,no_lazy,禁用Lazy约束,11.0,48.859,optimal,False,False,True,False,2,v1_baseline,545,4480,11.0,0.0,5796,0.4,1,0.0,0.0,11.0,True,correct_optimal,
E4_4_components,Shrikhande,famous,SMALL,16,48,no_gurobi_presolve,禁用Gurobi预处理,11.0,120.051,timeout,True,False,True,True,0,v1_baseline,545,1120,11.0,0.09090909090909075,55672,0.4,1,0.0,0.0,11.0,False,error,timeout_not_optimal
E4_4_components,Shrikhande,famous,SMALL,16,48,minimal,最小配置(全部禁用),11.0,31.818,optimal,False,False,False,False,0,v1_baseline,545,4480,11.0,0.0,5370,0.4,1,0.0,0.0,11.0,True,correct_optimal,
E4_4_components,Shrikhande,famous,SMALL,16,48,mipstart_only,仅MIPStart,11.0,48.728,optimal,False,False,True,False,0,v1_baseline,545,4480,11.0,0.0,4759,0.4,1,0.0,0.0,11.0,True,correct_optimal,
E4_4_components,Shrikhande,famous,SMALL,16,48,lazy_only,仅Lazy约束,11.0,120.061,timeout,True,False,False,True,0,v1_baseline,545,1120,11.0,0.09090909090909091,104737,0.4,1,0.0,0.0,11.0,False,error,timeout_not_optimal
E4_4_components,Shrikhande,famous,SMALL,16,48,presolve_only,仅Gurobi预处理,11.0,32.856,optimal,False,False,False,False,2,v1_baseline,545,4480,11.0,0.0,6825,0.4,1,0.0,0.0,11.0,True,correct_optimal,
E4_4_components,Sousselier,famous,SMALL,16,27,baseline,基线配置(全部启用),8.0,20.664,optimal,False,False,True,True,2,v1_baseline,545,1099,8.0,0.0,22760,0.225,1,0.0,0.0,8.0,True,correct_optimal,
E4_4_components,Sousselier,famous,SMALL,16,27,no_mipstart,禁用MIPStart,8.0,34.257,optimal,False,False,False,True,2,v1_baseline,545,1099,8.0,0.0,72674,0.225,1,0.0,0.0,8.0,True,correct_optimal,
E4_4_components,Sousselier,famous,SMALL,16,27,no_lazy,禁用Lazy约束,8.0,14.065,optimal,False,False,True,False,2,v1_baseline,545,4459,8.0,0.0,3397,0.225,1,0.0,0.0,8.0,True,correct_optimal,
E4_4_components,Sousselier,famous,SMALL,16,27,no_gurobi_presolve,禁用Gurobi预处理,8.0,12.104,optimal,False,False,True,True,0,v1_baseline,545,1099,8.0,0.0,11445,0.225,1,0.0,0.0,8.0,True,correct_optimal,
E4_4_components,Sousselier,famous,SMALL,16,27,minimal,最小配置(全部禁用),8.0,13.858,optimal,False,False,False,False,0,v1_baseline,545,4459,8.0,0.0,7138,0.225,1,0.0,0.0,8.0,True,correct_optimal,
E4_4_components,Sousselier,famous,SMALL,16,27,mipstart_only,仅MIPStart,8.0,17.308,optimal,False,False,True,False,0,v1_baseline,545,4459,8.0,0.0,5092,0.225,1,0.0,0.0,8.0,True,correct_optimal,
E4_4_components,Sousselier,famous,SMALL,16,27,lazy_only,仅Lazy约束,8.0,28.473,optimal,False,False,False,True,0,v1_baseline,545,1099,8.0,0.0,60008,0.225,1,0.0,0.0,8.0,True,correct_optimal,
E4_4_components,Sousselier,famous,SMALL,16,27,presolve_only,仅Gurobi预处理,8.0,11.107,optimal,False,False,False,False,2,v1_baseline,545,4459,8.0,0.0,7132,0.225,1,0.0,0.0,8.0,True,correct_optimal,
E4_4_components,Tietze,famous,SMALL,12,18,baseline,基线配置(全部启用),7.0,7.837,optimal,False,False,True,True,2,v1_baseline,313,630,7.0,0.0,13959,0.2727,1,0.0,0.0,7.0,True,correct_optimal,
E4_4_components,Tietze,famous,SMALL,12,18,no_mipstart,禁用MIPStart,7.0,2.317,optimal,False,False,False,True,2,v1_baseline,313,630,7.0,0.0,3080,0.2727,1,0.0,0.0,7.0,True,correct_optimal,
E4_4_components,Tietze,famous,SMALL,12,18,no_lazy,禁用Lazy约束,7.0,2.692,optimal,False,False,True,False,2,v1_baseline,313,1950,7.0,0.0,2150,0.2727,1,0.0,0.0,7.0,True,correct_optimal,
E4_4_components,Tietze,famous,SMALL,12,18,no_gurobi_presolve,禁用Gurobi预处理,7.0,8.721,optimal,False,False,True,True,0,v1_baseline,313,630,7.0,0.0,19901,0.2727,1,0.0,0.0,7.0,True,correct_optimal,
E4_4_components,Tietze,famous,SMALL,12,18,minimal,最小配置(全部禁用),7.0,1.512,optimal,False,False,False,False,0,v1_baseline,313,1950,7.0,0.0,1902,0.2727,1,0.0,0.0,7.0,True,correct_optimal,
E4_4_components,Tietze,famous,SMALL,12,18,mipstart_only,仅MIPStart,7.0,2.866,optimal,False,False,True,False,0,v1_baseline,313,1950,7.0,0.0,2338,0.2727,1,0.0,0.0,7.0,True,correct_optimal,
E4_4_components,Tietze,famous,SMALL,12,18,lazy_only,仅Lazy约束,7.0,2.216,optimal,False,False,False,True,0,v1_baseline,313,630,7.0,0.0,3568,0.2727,1,0.0,0.0,7.0,True,correct_optimal,
E4_4_components,Tietze,famous,SMALL,12,18,presolve_only,仅Gurobi预处理,7.0,1.541,optimal,False,False,False,False,2,v1_baseline,313,1950,7.0,0.0,1750,0.2727,1,0.0,0.0,7.0,True,correct_optimal,
E4_4_components,Wagner,famous,TINY,8,12,baseline,基线配置(全部启用),6.0,0.263,optimal,False,False,True,True,2,v1_baseline,145,292,6.0,0.0,338,0.4286,1,0.0,0.0,6.0,True,correct_optimal,
E4_4_components,Wagner,famous,TINY,8,12,no_mipstart,禁用MIPStart,6.0,0.227,optimal,False,False,False,True,2,v1_baseline,145,292,6.0,0.0,229,0.4286,1,0.0,0.0,6.0,True,correct_optimal,
E4_4_components,Wagner,famous,TINY,8,12,no_lazy,禁用Lazy约束,6.0,0.117,optimal,False,False,True,False,2,v1_baseline,145,628,6.0,0.0,1,0.4286,1,0.0,0.0,6.0,True,correct_optimal,
E4_4_components,Wagner,famous,TINY,8,12,no_gurobi_presolve,禁用Gurobi预处理,6.0,0.279,optimal,False,False,True,True,0,v1_baseline,145,292,6.0,0.0,437,0.4286,1,0.0,0.0,6.0,True,correct_optimal,
E4_4_components,Wagner,famous,TINY,8,12,minimal,最小配置(全部禁用),6.0,0.176,optimal,False,False,False,False,0,v1_baseline,145,628,6.0,0.0,1,0.4286,1,0.0,0.0,6.0,True,correct_optimal,
E4_4_components,Wagner,famous,TINY,8,12,mipstart_only,仅MIPStart,6.0,0.148,optimal,False,False,True,False,0,v1_baseline,145,628,6.0,0.0,1,0.4286,1,0.0,0.0,6.0,True,correct_optimal,
E4_4_components,Wagner,famous,TINY,8,12,lazy_only,仅Lazy约束,6.0,0.217,optimal,False,False,False,True,0,v1_baseline,145,292,6.0,0.0,294,0.4286,1,0.0,0.0,6.0,True,correct_optimal,
E4_4_components,Wagner,famous,TINY,8,12,presolve_only,仅Gurobi预处理,6.0,0.146,optimal,False,False,False,False,2,v1_baseline,145,628,6.0,0.0,1,0.4286,1,0.0,0.0,6.0,True,correct_optimal,
E4_4_components,Watsin,famous,LARGE,50,75,baseline,基线配置(全部启用),35.0,120.199,timeout,True,False,True,True,2,v1_baseline,5101,10225,35.0,0.8857142857142857,4898,0.0612,1,0.0,0.0,,,no_golden_standard,
E4_4_components,Watsin,famous,LARGE,50,75,no_mipstart,禁用MIPStart,,120.533,failed,True,False,False,True,2,v1_baseline,0,0,,0.0,0,0.0612,1,0.0,0.0,,,no_golden_standard,
E4_4_components,Watsin,famous,LARGE,50,75,no_lazy,禁用Lazy约束,27.0,121.59,timeout,True,False,True,False,2,v1_baseline,5101,127825,27.0,0.8518518518518519,309,0.0612,1,0.0,0.0,,,no_golden_standard,
E4_4_components,Watsin,famous,LARGE,50,75,no_gurobi_presolve,禁用Gurobi预处理,35.0,120.664,timeout,True,False,True,True,0,v1_baseline,5101,10225,35.0,0.8857142857142857,3757,0.0612,1,0.0,0.0,,,no_golden_standard,
E4_4_components,Watsin,famous,LARGE,50,75,minimal,最小配置(全部禁用),,121.606,failed,True,False,False,False,0,v1_baseline,0,0,,0.0,0,0.0612,1,0.0,0.0,,,no_golden_standard,
E4_4_components,Watsin,famous,LARGE,50,75,mipstart_only,仅MIPStart,29.0,121.534,timeout,True,False,True,False,0,v1_baseline,5101,127825,29.0,0.8620689655172413,1315,0.0612,1,0.0,0.0,,,no_golden_standard,
E4_4_components,Watsin,famous,LARGE,50,75,lazy_only,仅Lazy约束,,120.826,failed,True,False,False,True,0,v1_baseline,0,0,,0.0,0,0.0612,1,0.0,0.0,,,no_golden_standard,
E4_4_components,Watsin,famous,LARGE,50,75,presolve_only,仅Gurobi预处理,,121.422,failed,True,False,False,False,2,v1_baseline,0,0,,0.0,0,0.0612,1,0.0,0.0,,,no_golden_standard,
E4_4_components,3x3-grid,standard,TINY,9,12,baseline,基线配置(全部启用),5.0,0.664,optimal,False,False,True,True,2,v1_baseline,181,363,5.0,0.0,80,0.3333,1,0.0,0.0,5.0,True,correct_optimal,
E4_4_components,3x3-grid,standard,TINY,9,12,no_mipstart,禁用MIPStart,5.0,0.669,optimal,False,False,False,True,2,v1_baseline,181,363,5.0,0.0,161,0.3333,1,0.0,0.0,5.0,True,correct_optimal,
E4_4_components,3x3-grid,standard,TINY,9,12,no_lazy,禁用Lazy约束,5.0,0.131,optimal,False,False,True,False,2,v1_baseline,181,867,5.0,0.0,1,0.3333,1,0.0,0.0,5.0,True,correct_optimal,
E4_4_components,3x3-grid,standard,TINY,9,12,no_gurobi_presolve,禁用Gurobi预处理,5.0,0.471,optimal,False,False,True,True,0,v1_baseline,181,363,5.0,0.0,37,0.3333,1,0.0,0.0,5.0,True,correct_optimal,
E4_4_components,3x3-grid,standard,TINY,9,12,minimal,最小配置(全部禁用),5.0,0.155,optimal,False,False,False,False,0,v1_baseline,181,867,5.0,0.0,1,0.3333,1,0.0,0.0,5.0,True,correct_optimal,
E4_4_components,3x3-grid,standard,TINY,9,12,mipstart_only,仅MIPStart,5.0,0.152,optimal,False,False,True,False,0,v1_baseline,181,867,5.0,0.0,1,0.3333,1,0.0,0.0,5.0,True,correct_optimal,
E4_4_components,3x3-grid,standard,TINY,9,12,lazy_only,仅Lazy约束,5.0,0.66,optimal,False,False,False,True,0,v1_baseline,181,363,5.0,0.0,413,0.3333,1,0.0,0.0,5.0,True,correct_optimal,
E4_4_components,3x3-grid,standard,TINY,9,12,presolve_only,仅Gurobi预处理,5.0,0.144,optimal,False,False,False,False,2,v1_baseline,181,867,5.0,0.0,1,0.3333,1,0.0,0.0,5.0,True,correct_optimal,
E4_4_components,4x4-grid,standard,SMALL,16,24,baseline,基线配置(全部启用),7.0,27.3,optimal,False,False,True,True,2,v1_baseline,545,1096,7.0,0.0,35835,0.2,1,0.0,0.0,7.0,True,correct_optimal,
E4_4_components,4x4-grid,standard,SMALL,16,24,no_mipstart,禁用MIPStart,7.0,20.309,optimal,False,False,False,True,2,v1_baseline,545,1096,7.0,0.0,38719,0.2,1,0.0,0.0,7.0,True,correct_optimal,
E4_4_components,4x4-grid,standard,SMALL,16,24,no_lazy,禁用Lazy约束,7.0,22.233,optimal,False,False,True,False,2,v1_baseline,545,4456,7.0,0.0,9391,0.2,1,0.0,0.0,7.0,True,correct_optimal,
E4_4_components,4x4-grid,standard,SMALL,16,24,no_gurobi_presolve,禁用Gurobi预处理,7.0,22.523,optimal,False,False,True,True,0,v1_baseline,545,1096,7.0,0.0,22645,0.2,1,0.0,0.0,7.0,True,correct_optimal,
E4_4_components,4x4-grid,standard,SMALL,16,24,minimal,最小配置(全部禁用),7.0,13.908,optimal,False,False,False,False,0,v1_baseline,545,4456,7.0,0.0,6931,0.2,1,0.0,0.0,7.0,True,correct_optimal,
E4_4_components,4x4-grid,standard,SMALL,16,24,mipstart_only,仅MIPStart,7.0,10.007,optimal,False,False,True,False,0,v1_baseline,545,4456,7.0,0.0,3194,0.2,1,0.0,0.0,7.0,True,correct_optimal,
E4_4_components,4x4-grid,standard,SMALL,16,24,lazy_only,仅Lazy约束,7.0,30.802,optimal,False,False,False,True,0,v1_baseline,545,1096,7.0,0.0,68104,0.2,1,0.0,0.0,7.0,True,correct_optimal,
E4_4_components,4x4-grid,standard,SMALL,16,24,presolve_only,仅Gurobi预处理,7.0,8.611,optimal,False,False,False,False,2,v1_baseline,545,4456,7.0,0.0,5983,0.2,1,0.0,0.0,7.0,True,correct_optimal,
